apn,prod_nbr,pim_cls_desc,pim_ctgry_desc,pim_grp_desc,pim_prod_desc_lng,total_allowance_for_flyer,ctch_wt_ind,div_cnt,cust_cnt,ttl_pa,ttl_qty_shipped,pa_per_cs,ttl_wght_shipped,pa_per_lb,ttl_tgp,grss_tgp_cs,grss_tgp_lb,ttl_tgp_uom,ttl_pa_uom,ttl_qty_ordered,ttl_prd_allowance,ttl_prd_allwnc_uom,sell_prc_per_uom,dwacost_per_uom,tgppa_uom,tgppa_pls_prdctallwnc_uom,time_frame,qty_pre6,qty_pre5,qty_pre4,qty_pre3,qty_pre2,qty_pre1,qty_promo,qty_post1,qty_post2,qty_post3,qty_post4,qty_post5,cust_cnt_pre6,cust_cnt_pre5,cust_cnt_pre4,cust_cnt_pre3,cust_cnt_pre2,cust_cnt_pre1,cust_count_promo,cust_cnt_post1,cust_cnt_post2,cust_cnt_post3,cust_cnt_post4,cust_cnt_post5,qty_per_cust_pre6,qty_per_cust_pre5,qty_per_cust_pre4,qty_per_cust_pre3,qty_per_cust_pre2,qty_per_cust_pre1,qty_per_cust_promo,qty_per_cust_post1,qty_per_cust_post2,qty_per_cust_post3
2720977,2720977,POULTRY,"CHICKEN, NOT FURTHER PROCESSED, REF","CHICKEN, BREAST, BONELESS, RAW, REF","CHICKEN, BREAST DOUBLE-LOBE RANDOM JUMBO BONELESS-SKINLESS RAW REF CVP",4,N,53,10051,333046.83111067,59905.0000,5.559583,2396200.00,0.138990,217557.00665725,3.631700,0.090793,3.631700,5.559583,59971.00,-239620.00,-4.000000,55.315578,51.683884,9.191283,5.191283,2016nf7 (2weeks),113.0000,71.0000,0.0000,0.0000,0.0000,0.0000,1963.0000,0.0000,0.0000,0.0000,0.0000,113.0000,35,35,0,0,0,0,663,0,0,0,0,39,3.228571,2.028571,0.000000,0.000000,0.000000,0.000000,2.960784,0.000000,0.000000,0.000000
9329269,9329269,"FRUITS & VEGETABLES, CANNED & DRIED","TOMATOES, CANNED","TOMATOES, CANNED, WHOLE","TOMATO, WHOLE IN JUICE PEELED CANNED",4,N,55,3136,229912.33891557,59888.0000,3.839039,2290716.00,0.100367,16595.65489216,0.277112,0.007245,0.277112,3.839039,60190.00,-239552.00,-4.000000,17.125065,16.847942,4.116151,0.116151,2016nf7 (2weeks),352.0000,580.0000,0.0000,0.0000,0.0000,0.0000,13060.0000,0.0000,0.0000,0.0000,0.0000,327.0000,37,40,0,0,0,0,417,0,0,0,0,37,9.513514,14.500000,0.000000,0.000000,0.000000,0.000000,31.318945,0.000000,0.000000,0.000000
8383283,8383283,"GROCERY, DRY","SUGAR, BULK","SUGAR, WHITE & RAW, BULK","SUGAR, WHITE EXTRA FINE CANE",4,N,56,10263,208038.70000000,37437.0000,5.557034,1871850.00,0.111141,54164.76000000,1.446824,0.028936,1.446824,5.557034,37437.00,-149748.00,-4.000000,26.775451,25.328627,7.003858,3.003858,2016nf7 (2weeks),163.0000,127.0000,0.0000,0.0000,0.0000,0.0000,4990.0000,0.0000,0.0000,0.0000,0.0000,200.0000,88,73,0,0,0,0,1271,0,0,0,0,93,1.852273,1.739726,0.000000,0.000000,0.000000,0.000000,3.926042,0.000000,0.000000,0.000000
8326696,8326696,"PRODUCE, FRESH","ONIONS, FRESH","ONIONS, YELLOW, FRESH","ONION, YELLOW JUMBO 3""+ BAG FRESH REF",3,N,48,9702,83719.51875237,22861.0000,3.662111,1143050.00,0.073242,80292.27472272,3.512194,0.070244,3.512194,3.662111,22861.00,-68583.00,-3.000000,24.745920,21.244095,7.174305,4.174305,2016nf7 (2weeks),131.0000,88.0000,0.0000,0.0000,0.0000,0.0000,1341.0000,0.0000,0.0000,0.0000,0.0000,97.0000,79,64,0,0,0,0,753,0,0,0,0,66,1.658228,1.375000,0.000000,0.000000,0.000000,0.000000,1.780876,0.000000,0.000000,0.000000
899807,899807,DAIRY,BUTTER,"BUTTER, REFRIGERATED","BUTTER, SOLID GRADE AA UNSALTED REF",4,N,46,4288,60435.96472267,9855.6112,6.132138,354802.00,0.170337,89285.09000000,9.059315,0.251648,9.059315,6.132138,9860.62,-39416.00,-3.999346,97.115534,88.056218,15.191453,11.192107,2016nf7 (2weeks),30.0000,37.0000,0.0000,0.0000,0.0000,0.0000,423.0000,0.0000,0.0000,0.0000,0.0000,32.0000,30,36,0,0,0,0,344,0,0,0,0,31,1.000000,1.027778,0.000000,0.000000,0.000000,0.000000,1.229651,0.000000,0.000000,0.000000
5328604,5328604,"GROCERY, REF & FZN","BREAD & DOUGH, REF & FZN","BUNS, HAMBURGER & HOT DOG, FROZEN","BUN, HAMBURGER 4"" SLICED TFF BAKED FROZEN",3,N,56,2086,48343.89452469,5927.0000,8.156554,74680.21,0.647345,24185.56000000,4.080574,0.323855,4.080574,8.156554,5928.01,-17778.00,-2.999494,24.498019,20.417446,12.237128,9.237634,2016nf7 (2weeks),47.0000,60.0000,0.0000,0.0000,0.0000,0.0000,576.0000,0.0000,0.0000,0.0000,0.0000,28.0000,20,23,0,0,0,0,268,0,0,0,0,15,2.350000,2.608696,0.000000,0.000000,0.000000,0.000000,2.149254,0.000000,0.000000,0.000000
7693799,7693799,"APPETIZERS, ENTREES, & POTATOES REF & FZN","POTATOES, FZN","POTATOES, SWEET, FRENCH FRIED, FROZEN","POTATO, FRENCH-FRY SWEET 3/8"" STRAIGHT-CUT SKIN-ON FROZEN HOUSE",5,N,56,1548,33702.11470249,5531.0000,6.093313,82965.00,0.406221,21494.61279290,3.886207,0.259080,3.886207,6.093313,5532.00,-27655.00,-5.000000,28.547145,24.683291,9.979520,4.979520,2016nf7 (2weeks),8.0000,4.0000,0.0000,0.0000,0.0000,0.0000,265.0000,0.0000,0.0000,0.0000,0.0000,9.0000,6,4,0,0,0,0,161,0,0,0,0,6,1.333333,1.000000,0.000000,0.000000,0.000000,0.000000,1.645963,0.000000,0.000000,0.000000
877506,877506,DAIRY,BUTTER,"BUTTER, REFRIGERATED","BUTTER, SOLID GRADE AA SALTED REF",4,N,46,2233,31780.77036939,5186.2778,6.127857,186706.00,0.170218,42683.83000000,8.230147,0.228615,8.230147,6.127857,5186.28,-20744.00,-3.999786,95.693272,87.463124,14.358004,10.358218,2016nf7 (2weeks),16.0000,16.5556,0.0000,0.0000,0.0000,0.0000,328.2222,0.0000,0.0000,0.0000,0.0000,20.0000,17,17,0,0,0,0,256,0,0,0,0,20,0.941176,0.973859,0.000000,0.000000,0.000000,0.000000,1.282118,0.000000,0.000000,0.000000
3328606,3328606,"GROCERY, REF & FZN","BREAD & DOUGH, REF & FZN","BUNS, HAMBURGER & HOT DOG, FROZEN","BUN, HOT DOG 6"" SLICED TFF BAKED FROZEN",3,N,52,1797,37984.12722436,4661.0000,8.149351,46610.00,0.814935,19077.81000000,4.093072,0.409307,4.093072,8.149351,4661.00,-13983.00,-3.000000,24.032555,19.939483,12.242423,9.242423,2016nf7 (2weeks),42.0000,33.0000,0.0000,0.0000,0.0000,0.0000,682.0000,0.0000,0.0000,0.0000,0.0000,31.0000,17,19,0,0,0,0,358,0,0,0,0,22,2.470588,1.736842,0.000000,0.000000,0.000000,0.000000,1.905028,0.000000,0.000000,0.000000
3340817,3340817,CHEESE,"CHEESE, PROCESSED","CHEESE, PASTEURIZED/PROCESSED, SLICES","CHEESE, AMERICAN SLICED 160 COUNT TFF PROCESSED YELLOW REF",4,N,49,2311,27446.85300716,4257.7500,6.446328,85155.00,0.322316,36011.53000000,8.457878,0.422894,8.457878,6.446328,4259.75,-17016.00,-3.996477,44.454484,35.996606,14.904206,10.907729,2016nf7 (2weeks),12.5000,15.2500,0.0000,0.0000,0.0000,0.0000,510.2500,0.0000,0.0000,0.0000,0.0000,38.2500,11,15,0,0,0,0,362,0,0,0,0,33,1.136364,1.016667,0.000000,0.000000,0.000000,0.000000,1.409530,0.000000,0.000000,0.000000
7328693,7328693,OILS & SHORTENING,"OIL, FRYING & SALAD","OIL, FRYING, LIQUID, PEANUT","SHORTENING, FRYING PEANUT LIQUID CLEAR TFF OIL",3,N,47,402,20336.61251869,3593.0000,5.660065,125755.00,0.161716,7590.62000000,2.112613,0.060360,2.112613,5.660065,3594.00,-14372.00,-4.000000,38.570932,36.458319,7.772678,3.772678,2016nf7 (2weeks),1.0000,2.0000,0.0000,0.0000,0.0000,0.0000,269.0000,0.0000,0.0000,0.0000,0.0000,0.0000,1,1,0,0,0,0,49,0,0,0,0,0,1.000000,2.000000,0.000000,0.000000,0.000000,0.000000,5.489796,0.000000,0.000000,0.000000
1005891,1005891,POULTRY,"CHICKEN, FURTHER PROCESSED, REF & FZN","CHICKEN, WING & WING SECTIONS, BATTERED, BREADED, COOKED, FROZEN","CHICKEN, WING 1ST-&-2ND-JOINT BREADED SEASONED 12-16 COUNT COOKED FROZEN GO",3,N,36,775,25426.60212944,3508.0000,7.248176,52620.00,0.483212,10412.50000000,2.968216,0.197881,2.968216,7.248176,3508.00,-10524.00,-3.000000,52.486035,49.649806,10.216392,7.216392,2016nf7 (2weeks),6.0000,9.0000,0.0000,0.0000,0.0000,0.0000,111.0000,0.0000,0.0000,0.0000,0.0000,10.0000,5,6,0,0,0,0,66,0,0,0,0,5,1.200000,1.500000,0.000000,0.000000,0.000000,0.000000,1.681818,0.000000,0.000000,0.000000
7779093,7779093,"PRODUCE, FRESH","LETTUCE, SPINACH & MICRO GREENS, FRESH","LETTUCE, ICEBERG, FRESH, VALUE ADDED","LETTUCE, ICEBERG GREEN LEAF BETTER BURGER BAG FRESH REF",2,N,37,1332,12482.08140812,3403.0000,3.667964,34030.00,0.366796,14578.83000000,4.284111,0.428411,4.284111,3.667964,3416.00,-6806.00,-2.000000,24.302442,20.018331,7.952075,5.952075,2016nf7 (2weeks),5.0000,0.0000,0.0000,0.0000,0.0000,0.0000,110.0000,0.0000,0.0000,0.0000,0.0000,4.0000,4,2,0,0,0,0,88,0,0,0,0,3,1.250000,0.000000,0.000000,0.000000,0.000000,0.000000,1.250000,0.000000,0.000000,0.000000
1330083,1330083,PROCESSED MEAT,HOT DOGS & CORN DOGS,"HOT DOGS, BEEF, FROZEN","HOT DOG, ALL-BEEF 4:1 6"" ROLLER GRILL COOKED FROZEN",2.5,N,40,693,16478.84000000,2290.0000,7.196000,22900.00,0.719600,14663.44000000,6.403249,0.640325,6.403249,7.196000,2290.00,-5725.00,-2.500000,30.913131,24.509882,13.599249,11.099249,2016nf7 (2weeks),11.0000,12.0000,0.0000,0.0000,0.0000,0.0000,276.0000,0.0000,0.0000,0.0000,0.0000,19.0000,7,7,0,0,0,0,128,0,0,0,0,9,1.571429,1.714286,0.000000,0.000000,0.000000,0.000000,2.156250,0.000000,0.000000,0.000000
3938214,3938214,PORK,"HAM, BONELESS, SMOKED/CURED","HAM, BONELESS, NATURAL JUICE OR NATURALLY CURED, REFRIGERATED","HAM, BONELESS D-SHAPED SMOKED APPLEWOOD REF DELI-FACED ALL NATURAL PORK",0.4,Y,54,1009,16735.98895330,2261.5000,7.400393,36189.63,0.462453,27862.67000000,12.320438,0.769908,0.769908,0.462453,2261.50,-14472.89,-0.399918,4.027606,3.257699,1.232361,0.832443,2016nf7 (2weeks),4.0000,3.0000,0.0000,0.0000,0.0000,0.0000,78.0000,0.0000,0.0000,0.0000,0.0000,1.0000,4,3,0,0,0,0,61,0,0,0,0,1,1.000000,1.000000,0.000000,0.000000,0.000000,0.000000,1.278689,0.000000,0.000000,0.000000
4681433,4681433,DAIRY,BUTTER,"BUTTER, REFRIGERATED","BUTTER, SOLID AA UNSALTED REF",4,N,10,964,11712.75000000,2231.0000,5.250000,66930.00,0.175000,17953.76000000,8.047405,0.268247,8.047405,5.250000,2231.00,-8924.00,-4.000000,80.370117,72.322712,13.297405,9.297405,2016nf7 (2weeks),5.0000,2.0000,0.0000,0.0000,0.0000,0.0000,69.0000,0.0000,0.0000,0.0000,0.0000,6.0000,5,2,0,0,0,0,56,0,0,0,0,5,1.000000,1.000000,0.000000,0.000000,0.000000,0.000000,1.232143,0.000000,0.000000,0.000000
1033752,1033752,POULTRY,"CHICKEN, FURTHER PROCESSED, REF & FZN","CHICKEN, WING & WING SECTIONS, BATTERED, BREADED, COOKED, FROZEN","CHICKEN, WING 1ST-&-2ND-JOINT BREADED HOT & SPICY 12-16 COUNT COOKED FROZEN",3,N,28,424,14754.05369081,2183.0000,6.758614,32745.00,0.450574,6562.21000000,3.006051,0.200403,3.006051,6.758614,2184.00,-6549.00,-3.000000,51.337013,50.393633,9.764665,6.764665,2016nf7 (2weeks),3.0000,2.0000,0.0000,0.0000,0.0000,0.0000,51.0000,0.0000,0.0000,0.0000,0.0000,7.0000,2,2,0,0,0,0,33,0,0,0,0,3,1.500000,1.000000,0.000000,0.000000,0.000000,0.000000,1.545455,0.000000,0.000000,0.000000
7330095,7330095,PROCESSED MEAT,HOT DOGS & CORN DOGS,"HOT DOGS, BEEF, FROZEN","HOT DOG, ALL-BEEF 8:1 6"" ROLLER GRILL COOKED FROZEN",2.5,N,47,640,15320.28400000,2129.0000,7.196000,21290.00,0.719600,12419.98000000,5.833715,0.583372,5.833715,7.196000,2129.00,-5322.50,-2.500000,30.353156,24.519441,13.029715,10.529715,2016nf7 (2weeks),13.0000,37.0000,0.0000,0.0000,0.0000,0.0000,305.0000,0.0000,0.0000,0.0000,0.0000,15.0000,6,5,0,0,0,0,160,0,0,0,0,7,2.166667,7.400000,0.000000,0.000000,0.000000,0.000000,1.906250,0.000000,0.000000,0.000000
9855909,9855909,DISPOSABLES,"STRAWS, STIRRERS, STEAK MARKERS, SKEWERS & OTHER",STRAWS,"STRAW, JUMBO 7.75"" TRANSLUCENT WRAPPED PAPER STANDARD POLYPROPYLENE BOX",4,N,53,1702,17664.58335680,1970.0000,8.966794,9987.90,1.768598,12153.74000000,6.169411,1.216846,6.169411,8.966794,1970.00,-7880.00,-4.000000,28.178990,22.009579,15.136205,11.136205,2016nf7 (2weeks),33.0000,23.7000,0.0000,0.0000,0.0000,0.0000,399.2000,0.0000,0.0000,0.0000,0.0000,31.1000,35,25,0,0,0,0,378,0,0,0,0,32,0.942857,0.948000,0.000000,0.000000,0.000000,0.000000,1.056085,0.000000,0.000000,0.000000
7779077,7779077,"PRODUCE, FRESH","LETTUCE, SPINACH & MICRO GREENS, FRESH","LETTUCE, ICEBERG, FRESH, VALUE ADDED","LETTUCE, ICEBERG GREEN LEAF BETTER BURGER BULK FRESH REF",2,N,14,527,4871.67535045,1326.0000,3.673963,13260.00,0.367396,5232.20000000,3.945852,0.394585,3.945852,3.673963,1327.00,-2652.00,-2.000000,22.197308,18.251456,7.619815,5.619815,2016nf7 (2weeks),2.0000,1.0000,0.0000,0.0000,0.0000,0.0000,48.0000,0.0000,0.0000,0.0000,0.0000,2.0000,2,1,0,0,0,0,44,0,0,0,0,2,1.000000,1.000000,0.000000,0.000000,0.000000,0.000000,1.090909,0.000000,0.000000,0.000000
3340510,3340510,CHEESE,"CHEESE, PROCESSED","CHEESE, PASTEURIZED/PROCESSED, SLICES","CHEESE, AMERICAN SLICED 120 COUNT TFF PROCESSED YELLOW REF",4,N,7,522,7882.57818759,1222.5000,6.447917,24450.00,0.322396,9458.44000000,7.736965,0.386848,7.736965,6.447917,1222.50,-4884.00,-3.995092,43.599681,35.862716,14.184882,10.189790,2016nf7 (2weeks),4.2500,7.0000,0.0000,0.0000,0.0000,0.0000,49.5000,0.0000,0.0000,0.0000,0.0000,5.0000,3,5,0,0,0,0,44,0,0,0,0,4,1.416667,1.400000,0.000000,0.000000,0.000000,0.000000,1.125000,0.000000,0.000000,0.000000
2327302,2327302,BEEF,"BEEF, GROUND","BEEF, PATTIES, RAW, FROZEN","BEEF, PATTY GROUND 80/20 4:1 HOMESTYLE RAW FROZEN",1.5,N,15,290,2107.06053553,1177.0000,1.790196,11770.00,0.179020,8483.80000000,7.207986,0.720799,7.207986,1.790196,1177.00,-1765.50,-1.500000,31.166024,23.958037,8.998182,7.498182,2016nf7 (2weeks),0.0000,1.0000,0.0000,0.0000,0.0000,0.0000,205.0000,0.0000,0.0000,0.0000,0.0000,15.0000,0,1,0,0,0,0,66,0,0,0,0,3,0.000000,1.000000,0.000000,0.000000,0.000000,0.000000,3.106061,0.000000,0.000000,0.000000
1632758,1632758,PROCESSED MEAT,HOT DOGS & CORN DOGS,"HOT DOGS, BEEF, FROZEN","HOT DOG, ALL-BEEF 8:1 6"" ROLLER GRILL SKINLESS COOKED FROZEN BULK",2.5,N,7,343,7467.81826321,1035.0000,7.215283,10350.00,0.721528,6010.09000000,5.806850,0.580685,5.806850,7.215283,1036.00,-2587.50,-2.500000,30.180174,24.373324,13.022133,10.522133,2016nf7 (2weeks),1.0000,11.0000,0.0000,0.0000,0.0000,0.0000,191.0000,0.0000,0.0000,0.0000,0.0000,7.0000,1,5,0,0,0,0,69,0,0,0,0,4,1.000000,2.200000,0.000000,0.000000,0.000000,0.000000,2.768116,0.000000,0.000000,0.000000
4681383,4681383,DAIRY,BUTTER,"BUTTER, REFRIGERATED","BUTTER, SOLID AA SALTED REF",4,N,10,415,4331.25000000,825.0000,5.250000,24750.00,0.175000,8024.10000000,9.726182,0.324206,9.726182,5.250000,825.00,-3300.00,-4.000000,81.321806,71.595624,14.976182,10.976182,2016nf7 (2weeks),4.0000,4.0000,0.0000,0.0000,0.0000,0.0000,38.0000,0.0000,0.0000,0.0000,0.0000,1.0000,4,4,0,0,0,0,30,0,0,0,0,2,1.000000,1.000000,0.000000,0.000000,0.000000,0.000000,1.266667,0.000000,0.000000,0.000000
8895328,8895328,POULTRY,"TURKEY, FURTHER PROCESSED","TURKEY BREAST, COOKED, UNSLICED, REFRIGERATED","TURKEY, BREAST WHOLE MUSCLE HONEY SKINLESS COOKED ROASTED UNSLICED REF",0.25,Y,40,315,5783.87513733,802.0000,7.211814,7690.15,0.752115,3923.64000000,4.892319,0.510216,0.510216,0.752115,806.00,-1922.80,-0.250034,4.931403,4.421187,1.262331,1.012297,2016nf7 (2weeks),5.0000,1.0000,0.0000,0.0000,0.0000,0.0000,76.0000,0.0000,0.0000,0.0000,0.0000,0.0000,5,1,0,0,0,0,59,0,0,0,0,1,1.000000,1.000000,0.000000,0.000000,0.000000,0.000000,1.288136,0.000000,0.000000,0.000000
7332034,7332034,"PRODUCE, FRESH","ONIONS, FRESH","ONIONS, YELLOW, FRESH","ONION, YELLOW JUMBO 3""+ BOX FRESH REF",3,N,5,372,3678.22265992,790.0000,4.655978,39500.00,0.093120,4866.64000000,6.160304,0.123206,6.160304,4.655978,790.00,-2370.00,-3.000000,29.727772,23.567468,10.816282,7.816282,2016nf7 (2weeks),17.0000,11.0000,0.0000,0.0000,0.0000,0.0000,63.0000,0.0000,0.0000,0.0000,0.0000,5.0000,3,5,0,0,0,0,42,0,0,0,0,4,5.666667,2.200000,0.000000,0.000000,0.000000,0.000000,1.500000,0.000000,0.000000,0.000000
3327152,3327152,SEAFOOD,"SHELLFISH, OTHER, FZN","SCALLOP, UNBREADED FROZEN","SCALLOP, SEA 10-20 COUNT DRY RAW IQF FROZEN USA WILD",5,N,47,343,6134.41097704,772.0000,7.946128,7720.00,0.794613,9109.28000000,11.799585,1.179959,11.799585,7.946128,778.00,-3860.00,-5.000000,147.785764,135.986179,19.745713,14.745713,2016nf7 (2weeks),0.0000,2.0000,0.0000,0.0000,0.0000,0.0000,80.0000,0.0000,0.0000,0.0000,0.0000,4.0000,0,2,0,0,0,0,67,0,0,0,0,3,0.000000,1.000000,0.000000,0.000000,0.000000,0.000000,1.194030,0.000000,0.000000,0.000000
6763494,6763494,"FRUITS & VEGETABLES, CANNED & DRIED","VEGETABLES, CANNED","BEANS, BAKED, CANNED","BEAN, BAKED W/ BOURBON MOLASSES & PORK BELLY CANNED",5,N,52,439,8460.41738806,768.6667,11.006614,33721.41,0.250892,4668.60000000,6.073634,0.138446,6.073634,11.006614,774.67,-3840.00,-4.995663,40.802457,34.728823,17.080248,12.084585,2016nf7 (2weeks),2.0000,3.0000,0.0000,0.0000,0.0000,0.0000,195.0000,0.0000,0.0000,0.0000,0.0000,13.0000,2,3,0,0,0,0,145,0,0,0,0,10,1.000000,1.000000,0.000000,0.000000,0.000000,0.000000,1.344828,0.000000,0.000000,0.000000
1025121,1025121,"PRODUCE, FRESH","MELONS, FRESH","CANTALOUPE, FRESH","CANTALOUPE, 12 COUNT FRESH REF MELON",2,N,12,315,1894.36655441,622.0000,3.045605,24880.00,0.076140,2435.53000000,3.915643,0.097891,3.915643,3.045605,622.00,-1244.00,-2.000000,21.971238,18.055595,6.961248,4.961248,2016nf7 (2weeks),3.0000,0.0000,0.0000,0.0000,0.0000,0.0000,48.0000,0.0000,0.0000,0.0000,0.0000,3.0000,3,0,0,0,0,0,41,0,0,0,0,2,1.000000,0.000000,0.000000,0.000000,0.000000,0.000000,1.170732,0.000000,0.000000,0.000000
1010651,1010651,"PRODUCE, FRESH","MELONS, FRESH","HONEYDEW, FRESH","HONEYDEW, FRESH REF MELON",2,N,14,290,1899.75850218,592.0000,3.209052,17760.00,0.106968,2836.05000000,4.790625,0.159688,4.790625,3.209052,593.00,-1184.00,-2.000000,19.716807,14.926182,7.999677,5.999677,2016nf7 (2weeks),8.0000,2.0000,0.0000,0.0000,0.0000,0.0000,64.0000,0.0000,0.0000,0.0000,0.0000,4.0000,4,2,0,0,0,0,49,0,0,0,0,3,2.000000,1.000000,0.000000,0.000000,0.000000,0.000000,1.306122,0.000000,0.000000,0.000000
8327256,8327256,BEEF,"BEEF, GROUND","BEEF, PATTIES, RAW, FROZEN","BEEF, PATTY GROUND 80/20 4:1 ROUND RAW FROZEN",1.5,N,6,134,1114.50000000,587.0000,1.898637,5870.00,0.189864,4497.70000000,7.662181,0.766218,7.662181,1.898637,587.00,-880.50,-1.500000,32.023918,24.361738,9.560818,8.060818,2016nf7 (2weeks),0.0000,0.0000,0.0000,0.0000,0.0000,0.0000,45.0000,0.0000,0.0000,0.0000,0.0000,0.0000,0,0,0,0,0,0,18,0,0,0,0,0,0.000000,0.000000,0.000000,0.000000,0.000000,0.000000,2.500000,0.000000,0.000000,0.000000
2573517,2573517,PROCESSED MEAT,DELI & LUNCHEON MEATS,"PEPPERONI, BULK OR SLICED, REFRIGERATED","PEPPERONI, ALL-MEAT STICK COOKED REF BAG UNCURED",0.25,Y,41,273,1787.41230331,563.0000,3.174800,4447.89,0.401856,2820.10000000,5.009059,0.634031,0.634031,0.401856,563.00,-1112.47,-0.250112,4.236879,3.602848,1.035887,0.785775,2016nf7 (2weeks),2.0000,2.0000,0.0000,0.0000,0.0000,0.0000,41.0000,0.0000,0.0000,0.0000,0.0000,1.0000,2,2,0,0,0,0,40,0,0,0,0,1,1.000000,1.000000,0.000000,0.000000,0.000000,0.000000,1.025000,0.000000,0.000000,0.000000
1560671,1560671,BEEF,"BEEF, GROUND","BEEF, PATTIES, RAW, FROZEN","BEEF, PATTY GROUND 80/20 4:1 HOMESTYLE 5/16"" THICK DOUBLE SCORED RAW IQF FR",1.5,N,7,92,1060.50000000,503.0000,2.108350,5030.00,0.210835,2328.96000000,4.630139,0.463014,4.630139,2.108350,503.00,-754.50,-1.500000,30.018350,25.388211,6.738489,5.238489,2016nf7 (2weeks),2.0000,0.0000,0.0000,0.0000,0.0000,0.0000,49.0000,0.0000,0.0000,0.0000,0.0000,9.0000,2,0,0,0,0,0,19,0,0,0,0,3,1.000000,0.000000,0.000000,0.000000,0.000000,0.000000,2.578947,0.000000,0.000000,0.000000
1782499,1782499,DISPOSABLES,"TISSUE, TOWELS, & PERSONAL HYGIENE, DISPOSABLE","TOWELS, PAPER, DISPOSABLE","TOWEL, LINENLIKE 12X17 FOLDED WHITE GUEST PAPER",8,N,30,113,7401.72000000,479.0000,15.452443,3855.95,1.919558,3765.05000000,7.860230,0.976426,7.860230,15.452443,479.00,-3832.00,-8.000000,47.379353,39.519123,23.312673,15.312673,2016nf7 (2weeks),0.0000,0.0000,0.0000,0.0000,0.0000,0.0000,44.0000,0.0000,0.0000,0.0000,0.0000,1.0000,0,0,0,0,0,0,20,0,0,0,0,1,0.000000,0.000000,0.000000,0.000000,0.000000,0.000000,2.200000,0.000000,0.000000,0.000000
6327159,6327159,SEAFOOD,"SHELLFISH, OTHER, FZN","SCALLOP, UNBREADED FROZEN","SCALLOP, SEA 20-30 COUNT DRY RAW IQF FROZEN USA WILD",5,N,30,176,3815.15019800,452.0000,8.440598,4520.00,0.844060,5057.23000000,11.188562,1.118856,11.188562,8.440598,452.00,-2260.00,-5.000000,141.197212,130.008650,19.629160,14.629160,2016nf7 (2weeks),2.0000,9.0000,0.0000,0.0000,0.0000,0.0000,36.0000,0.0000,0.0000,0.0000,0.0000,0.0000,2,4,0,0,0,0,24,0,0,0,0,0,1.000000,2.250000,0.000000,0.000000,0.000000,0.000000,1.500000,0.000000,0.000000,0.000000
6841696,6841696,"GROCERY, REF & FZN","BREAD & DOUGH, REF & FZN","BUNS, HAMBURGER & HOT DOG, FROZEN","BUN, HOT DOG WHITE 6"" TOP SLICED BAKED FROZEN NEW ENGLAND STYLE",3,N,4,181,4351.84059757,452.0000,9.627966,4068.00,1.069774,2314.24000000,5.120000,0.568889,5.120000,9.627966,453.00,-1356.00,-3.000000,27.976792,22.856792,14.747966,11.747966,2016nf7 (2weeks),0.0000,2.0000,0.0000,0.0000,0.0000,0.0000,35.0000,0.0000,0.0000,0.0000,0.0000,0.0000,0,1,0,0,0,0,30,0,0,0,0,0,0.000000,2.000000,0.000000,0.000000,0.000000,0.000000,1.166667,0.000000,0.000000,0.000000
5283440,5283440,SEAFOOD,"FISH, NOT VALUE ADDED, FZN","SALMON, WHOLE OR CUTS, FROZEN, UNBREADED, UNSMOKED","SALMON, SOCKEYE 6 OZ FILLET BONELESS SKIN-ON MARINATED RAW FROZEN IVP USA W",5,N,54,252,2708.47827647,448.0000,6.045710,4480.00,0.604571,3628.64000000,8.099643,0.809964,8.099643,6.045710,448.00,-2240.00,-5.000000,80.574866,72.475223,14.145353,9.145353,2016nf7 (2weeks),11.0000,6.0000,0.0000,0.0000,0.0000,0.0000,110.0000,0.0000,0.0000,0.0000,0.0000,5.0000,7,5,0,0,0,0,89,0,0,0,0,5,1.571429,1.200000,0.000000,0.000000,0.000000,0.000000,1.235955,0.000000,0.000000,0.000000
6330831,6330831,EQUIPMENT & SUPPLIES,"SMALLWARES, KITCHEN & BAR","DISPENSERS & HOLDERS, OTHER","DISPENSER, SQUEEZE BOTTLE 12 OZ PLASTIC NATURAL",2,N,52,253,388.14240109,428.0000,0.906875,856.00,0.453437,951.26000000,2.222570,1.111285,2.222570,0.906875,434.00,-856.00,-2.000000,8.768645,6.546075,3.129445,1.129445,2016nf7 (2weeks),3.0000,1.0000,0.0000,0.0000,0.0000,0.0000,244.0000,0.0000,0.0000,0.0000,0.0000,2.0000,3,1,0,0,0,0,191,0,0,0,0,2,1.000000,1.000000,0.000000,0.000000,0.000000,0.000000,1.277487,0.000000,0.000000,0.000000
9353525,9353525,"PRODUCE, FRESH","MELONS, FRESH","HONEYDEW, FRESH","HONEYDEW, FRESH REF MELON",2,N,5,199,1434.84938166,427.0000,3.360303,10675.00,0.134412,2666.53000000,6.244801,0.249792,6.244801,3.360303,427.00,-854.00,-2.000000,23.909485,17.664684,9.605104,7.605104,2016nf7 (2weeks),0.0000,0.0000,0.0000,0.0000,0.0000,0.0000,26.0000,0.0000,0.0000,0.0000,0.0000,0.0000,0,0,0,0,0,0,20,0,0,0,0,0,0.000000,0.000000,0.000000,0.000000,0.000000,0.000000,1.300000,0.000000,0.000000,0.000000
4384434,4384434,"PRODUCE, FRESH","MELONS, FRESH","HONEYDEW, FRESH","HONEYDEW, 5-6 COUNT FRESH REF MELON",2,N,2,167,1495.73843333,397.0000,3.767603,11036.60,0.135525,1514.37000000,3.814534,0.137213,3.814534,3.767603,397.00,-794.00,-2.000000,17.095516,13.280982,7.582137,5.582137,2016nf7 (2weeks),0.0000,0.0000,0.0000,0.0000,0.0000,0.0000,16.0000,0.0000,0.0000,0.0000,0.0000,2.0000,0,0,0,0,0,0,12,0,0,0,0,1,0.000000,0.000000,0.000000,0.000000,0.000000,0.000000,1.333333,0.000000,0.000000,0.000000
465112,465112,EQUIPMENT & SUPPLIES,"SMALLWARES, KITCHEN & BAR","DISPENSERS & HOLDERS, OTHER","DISPENSER, SQUEEZE BOTTLE 16 OZ PLASTIC NATURAL WIDE MOUTH",2,N,44,255,222.72000000,384.0000,0.580000,384.00,0.580000,993.26000000,2.586615,2.586615,2.586615,0.580000,386.00,-768.00,-2.000000,10.578125,7.991510,3.166615,1.166615,2016nf7 (2weeks),1.0000,4.0000,0.0000,0.0000,0.0000,0.0000,299.0000,0.0000,0.0000,0.0000,0.0000,-1.0000,1,4,0,0,0,0,205,0,0,0,0,2,1.000000,1.000000,0.000000,0.000000,0.000000,0.000000,1.458537,0.000000,0.000000,0.000000
1006485,1006485,"PRODUCE, FRESH","MELONS, FRESH","HONEYDEW, FRESH","HONEYDEW, FRESH REF MELON",2,N,6,184,1058.66759847,363.0000,2.916440,10091.40,0.104908,1235.89000000,3.404656,0.122470,3.404656,2.916440,363.00,-726.00,-2.000000,18.553802,15.149146,6.321096,4.321096,2016nf7 (2weeks),0.0000,1.0000,0.0000,0.0000,0.0000,0.0000,23.0000,0.0000,0.0000,0.0000,0.0000,1.0000,0,1,0,0,0,0,20,0,0,0,0,1,0.000000,1.000000,0.000000,0.000000,0.000000,0.000000,1.150000,0.000000,0.000000,0.000000
2810246,2810246,PORK,"PORK, FURTHER PROCESSED","PORK, PRECOOKED, OTHER, REFRIGERATED","PORK, ROAST BONELESS CUBAN SEASONED COOKED NATURAL REF VACUUM-PACK",0.4,Y,36,210,1181.43439505,328.0000,3.601934,3096.11,0.381587,1584.46000000,4.830671,0.511758,0.511758,0.381587,328.00,-1238.46,-0.400005,3.823624,3.311866,0.893345,0.493340,2016nf7 (2weeks),2.0000,3.0000,0.0000,0.0000,0.0000,0.0000,42.0000,0.0000,0.0000,0.0000,0.0000,4.0000,2,2,0,0,0,0,33,0,0,0,0,4,1.000000,1.500000,0.000000,0.000000,0.000000,0.000000,1.272727,0.000000,0.000000,0.000000
4535241,4535241,BEEF,"BEEF, GROUND","BEEF, PATTIES, RAW, FROZEN","BEEF, PATTY GROUND 80/20 4:1 ROUND WAFFLED RAW IQF FROZEN",1.5,N,4,63,1087.62261790,317.0000,3.430986,3170.00,0.343099,1802.90000000,5.687382,0.568738,5.687382,3.430986,317.00,-475.50,-1.500000,32.436498,26.749117,9.118368,7.618368,2016nf7 (2weeks),0.0000,0.0000,0.0000,0.0000,0.0000,0.0000,48.0000,0.0000,0.0000,0.0000,0.0000,5.0000,0,0,0,0,0,0,15,0,0,0,0,3,0.000000,0.000000,0.000000,0.000000,0.000000,0.000000,3.200000,0.000000,0.000000,0.000000
3510189,3510189,PROCESSED MEAT,HOT DOGS & CORN DOGS,"HOT DOGS, BEEF, FROZEN","HOT DOG, ALL-BEEF 4:1 6"" ROLLER GRILL SKINLESS COOKED FROZEN BULK",2.5,N,4,109,2136.22964092,296.0000,7.216992,2960.00,0.721699,1758.93000000,5.942331,0.594233,5.942331,7.216992,296.00,-740.00,-2.500000,30.184054,24.241723,13.159323,10.659323,2016nf7 (2weeks),3.0000,4.0000,0.0000,0.0000,0.0000,0.0000,47.0000,0.0000,0.0000,0.0000,0.0000,1.0000,2,2,0,0,0,0,23,0,0,0,0,1,1.500000,2.000000,0.000000,0.000000,0.000000,0.000000,2.043478,0.000000,0.000000,0.000000
4159240,4159240,"PRODUCE, FRESH","MELONS, FRESH","CANTALOUPE, FRESH","CANTALOUPE, 15-18 COUNT FRESH REF MELON",2,N,6,134,961.08598650,278.0000,3.457144,11120.00,0.086429,1157.26000000,4.162806,0.104070,4.162806,3.457144,278.00,-556.00,-2.000000,20.429712,16.266906,7.619950,5.619950,2016nf7 (2weeks),1.0000,1.0000,0.0000,0.0000,0.0000,0.0000,44.0000,0.0000,0.0000,0.0000,0.0000,0.0000,1,1,0,0,0,0,26,0,0,0,0,0,1.000000,1.000000,0.000000,0.000000,0.000000,0.000000,1.692308,0.000000,0.000000,0.000000
2253705,2253705,"GROCERY, REF & FZN","DESSERTS, BAKERY, OTHER,  REF & FZN","TARTS, FROZEN","TART, KEY LIME 1.8"" MINI UNSLICED BAKED TRAY FROZEN",3.5,N,53,188,648.75406520,277.0000,2.342072,1016.59,0.638167,1260.77000000,4.551516,1.240195,4.551516,2.342072,277.00,-969.50,-3.500000,21.919819,17.368303,6.893588,3.393588,2016nf7 (2weeks),1.0000,0.0000,0.0000,0.0000,0.0000,0.0000,196.0000,0.0000,0.0000,0.0000,0.0000,8.0000,1,0,0,0,0,0,137,0,0,0,0,2,1.000000,0.000000,0.000000,0.000000,0.000000,0.000000,1.430657,0.000000,0.000000,0.000000
3006509,3006509,"PRODUCE, FRESH","MELONS, FRESH","CANTALOUPE, FRESH","CANTALOUPE, 9-18 COUNT FRESH REF MELON",2,N,7,135,902.08692901,273.0000,3.304348,10920.00,0.082609,1282.64000000,4.698315,0.117458,4.698315,3.304348,273.00,-546.00,-2.000000,23.182784,18.484469,8.002663,6.002663,2016nf7 (2weeks),1.0000,0.0000,0.0000,0.0000,0.0000,0.0000,29.0000,0.0000,0.0000,0.0000,0.0000,0.0000,1,0,0,0,0,0,20,0,0,0,0,0,1.000000,0.000000,0.000000,0.000000,0.000000,0.000000,1.450000,0.000000,0.000000,0.000000
1996354,1996354,PROCESSED MEAT,DELI & LUNCHEON MEATS,"SALAMI & DRY SAUSAGE OTHER, MEAT OR BEEF, BULK OR SLICED, REFRIGERATED","SALAMI, HARD PORK BEEF STICK 6 LBA ALL NATURAL UNCURED REF DELI-FACED",0.25,Y,33,196,723.40439537,263.0000,2.750587,3201.19,0.225980,2002.50000000,7.614068,0.625549,0.625549,0.225980,263.00,-800.58,-0.250088,4.451014,3.825465,0.851529,0.601441,2016nf7 (2weeks),3.0000,0.0000,0.0000,0.0000,0.0000,0.0000,52.0000,0.0000,0.0000,0.0000,0.0000,2.0000,3,0,0,0,0,0,51,0,0,0,0,2,1.000000,0.000000,0.000000,0.000000,0.000000,0.000000,1.019608,0.000000,0.000000,0.000000
3204112,3204112,"PRODUCE, FRESH","MELONS, FRESH","CANTALOUPE, FRESH","CANTALOUPE, 9-18 COUNT FRESH REF MELON",2,N,5,114,799.49352601,244.0000,3.276613,9760.00,0.081915,1124.75000000,4.609631,0.115241,4.609631,3.276613,244.00,-488.00,-2.000000,20.604180,15.994549,7.886244,5.886244,2016nf7 (2weeks),0.0000,0.0000,0.0000,0.0000,0.0000,0.0000,25.0000,0.0000,0.0000,0.0000,0.0000,3.0000,0,0,0,0,0,0,23,0,0,0,0,3,0.000000,0.000000,0.000000,0.000000,0.000000,0.000000,1.086957,0.000000,0.000000,0.000000
7737299,7737299,"PRODUCE, FRESH","ONIONS, FRESH","ONIONS, YELLOW, FRESH","ONION, YELLOW JUMBO 3""+ FRESH REF",3,N,1,91,758.38931144,241.0000,3.146844,12050.00,0.062937,310.92000000,1.290124,0.025802,1.290124,3.146844,241.00,-723.00,-3.000000,20.690124,19.400000,4.436968,1.436968,2016nf7 (2weeks),0.0000,2.0000,0.0000,0.0000,0.0000,0.0000,39.0000,0.0000,0.0000,0.0000,0.0000,0.0000,0,1,0,0,0,0,11,0,0,0,0,0,0.000000,2.000000,0.000000,0.000000,0.000000,0.000000,3.545455,0.000000,0.000000,0.000000
8295644,8295644,"PRODUCE, FRESH","MELONS, FRESH","HONEYDEW, FRESH","HONEYDEW, FRESH REF MELON",2,N,7,96,714.73396065,231.0000,3.094086,6930.00,0.103136,956.86000000,4.142251,0.138075,4.142251,3.094086,231.00,-462.00,-2.000000,20.414416,16.272165,7.236337,5.236337,2016nf7 (2weeks),0.0000,1.0000,0.0000,0.0000,0.0000,0.0000,15.0000,0.0000,0.0000,0.0000,0.0000,0.0000,0,1,0,0,0,0,14,0,0,0,0,0,0.000000,1.000000,0.000000,0.000000,0.000000,0.000000,1.071429,0.000000,0.000000,0.000000
1462589,1462589,BEEF,"BEEF, GROUND","BEEF, PATTIES, RAW, FROZEN","BEEF, PATTY GROUND 80/20 4:1 ROUND RAW IQF FROZEN",1.5,N,2,64,767.84213930,225.0000,3.412632,2250.00,0.341263,1436.63000000,6.385022,0.638502,6.385022,3.412632,225.00,-337.50,-1.500000,33.643511,27.258489,9.797654,8.297654,2016nf7 (2weeks),0.0000,0.0000,0.0000,0.0000,0.0000,0.0000,4.0000,0.0000,0.0000,0.0000,0.0000,0.0000,0,0,0,0,0,0,2,0,0,0,0,0,0.000000,0.000000,0.000000,0.000000,0.000000,0.000000,2.000000,0.000000,0.000000,0.000000
5758976,5758976,BEEF,"BEEF, GROUND","BEEF, GROUND, RAW, FROZEN","BEEF, GROUND 80/20 MEDIUM NATURAL RAW FROZEN GRASS FED",2.5,N,29,62,460.52729403,211.0000,2.182594,2110.00,0.218259,1263.96000000,5.990332,0.599033,5.990332,2.182594,211.00,-527.50,-2.500000,56.297346,50.307014,8.172926,5.672926,2016nf7 (2weeks),0.0000,2.0000,0.0000,0.0000,0.0000,0.0000,19.0000,0.0000,0.0000,0.0000,0.0000,0.0000,0,1,0,0,0,0,11,0,0,0,0,0,0.000000,2.000000,0.000000,0.000000,0.000000,0.000000,1.727273,0.000000,0.000000,0.000000
4107306,4107306,"PRODUCE, FRESH","MELONS, FRESH","HONEYDEW, FRESH","HONEYDEW, FRESH REF MELON",2,N,1,31,548.95078281,204.0000,2.690935,4080.00,0.134547,29.99000000,0.147010,0.007350,0.147010,2.690935,207.00,-408.00,-2.000000,13.146029,12.999020,2.837945,0.837945,2016nf7 (2weeks),0.0000,0.0000,0.0000,0.0000,0.0000,0.0000,5.0000,0.0000,0.0000,0.0000,0.0000,0.0000,0,0,0,0,0,0,3,0,0,0,0,0,0.000000,0.000000,0.000000,0.000000,0.000000,0.000000,1.666667,0.000000,0.000000,0.000000
5384466,5384466,"PRODUCE, FRESH","MELONS, FRESH","CANTALOUPE, FRESH","CANTALOUPE, 9-15 COUNT FRESH REF MELON",2,N,5,96,609.41596812,193.0000,3.157596,4825.00,0.126304,940.88000000,4.875026,0.195001,4.875026,3.157596,193.00,-386.00,-2.000000,21.205699,16.330674,8.032622,6.032622,2016nf7 (2weeks),0.0000,0.0000,0.0000,0.0000,0.0000,0.0000,15.0000,0.0000,0.0000,0.0000,0.0000,0.0000,0,0,0,0,0,0,14,0,0,0,0,0,0.000000,0.000000,0.000000,0.000000,0.000000,0.000000,1.071429,0.000000,0.000000,0.000000
6998579,6998579,BEEF,"BEEF, GROUND","BEEF, PATTIES, RAW, FROZEN","BEEF, PATTY GROUND 80/20 4:1 ROUND .4"" THICK RAW IQF FROZEN",1.5,N,1,33,452.50000000,181.0000,2.500000,1810.00,0.250000,1106.13000000,6.111215,0.611122,6.111215,2.500000,181.00,-271.50,-1.500000,30.984696,24.873481,8.611215,7.111215,2016nf7 (2weeks),1.0000,0.0000,0.0000,0.0000,0.0000,0.0000,49.0000,0.0000,0.0000,0.0000,0.0000,0.0000,1,0,0,0,0,0,7,0,0,0,0,0,1.000000,0.000000,0.000000,0.000000,0.000000,0.000000,7.000000,0.000000,0.000000,0.000000
4349338,4349338,"PRODUCE, FRESH","MELONS, FRESH","CANTALOUPE, FRESH","CANTALOUPE, BOX FRESH REF MELON",2,N,2,79,678.37259724,179.0000,3.789791,6802.00,0.099731,1152.46000000,6.438324,0.169430,6.438324,3.789791,179.00,-358.00,-2.000000,24.785642,18.347318,10.228115,8.228115,2016nf7 (2weeks),0.0000,2.0000,0.0000,0.0000,0.0000,0.0000,9.0000,0.0000,0.0000,0.0000,0.0000,1.0000,0,1,0,0,0,0,9,0,0,0,0,1,0.000000,2.000000,0.000000,0.000000,0.000000,0.000000,1.000000,0.000000,0.000000,0.000000
5295647,5295647,"PRODUCE, FRESH","MELONS, FRESH","CANTALOUPE, FRESH","CANTALOUPE, 9-18 COUNT FRESH REF MELON",2,N,5,94,497.96601640,152.0000,3.276092,6080.00,0.081902,561.62000000,3.694868,0.092372,3.694868,3.276092,152.00,-304.00,-2.000000,22.713553,19.018684,6.970960,4.970960,2016nf7 (2weeks),0.0000,4.0000,0.0000,0.0000,0.0000,0.0000,17.0000,0.0000,0.0000,0.0000,0.0000,1.0000,0,2,0,0,0,0,17,0,0,0,0,1,0.000000,2.000000,0.000000,0.000000,0.000000,0.000000,1.000000,0.000000,0.000000,0.000000
7384464,7384464,"PRODUCE, FRESH","MELONS, FRESH","CANTALOUPE, FRESH","CANTALOUPE, 9-12 COUNT LARGE FRESH REF MELON",2,N,1,75,407.32158785,148.0000,2.752173,6216.00,0.065528,1070.89000000,7.235743,0.172280,7.235743,2.752173,149.00,-296.00,-2.000000,28.373446,21.137703,9.987916,7.987916,2016nf7 (2weeks),0.0000,1.0000,0.0000,0.0000,0.0000,0.0000,11.5000,0.0000,0.0000,0.0000,0.0000,1.0000,0,1,0,0,0,0,8,0,0,0,0,1,0.000000,1.000000,0.000000,0.000000,0.000000,0.000000,1.437500,0.000000,0.000000,0.000000
6384432,6384432,"PRODUCE, FRESH","MELONS, FRESH","HONEYDEW, FRESH","HONEYDEW, FRESH REF MELON",2,N,6,86,506.36805441,147.0000,3.444681,4086.60,0.123909,537.13390298,3.653972,0.131438,3.653972,3.444681,147.00,-294.00,-2.000000,21.212789,17.861020,7.098653,5.098653,2016nf7 (2weeks),0.0000,0.0000,0.0000,0.0000,0.0000,0.0000,19.0000,0.0000,0.0000,0.0000,0.0000,3.0000,0,0,0,0,0,0,17,0,0,0,0,2,0.000000,0.000000,0.000000,0.000000,0.000000,0.000000,1.117647,0.000000,0.000000,0.000000
7917545,7917545,BEEF,"BEEF, GROUND","BEEF, PATTIES, RAW, FROZEN","BEEF, PATTY GROUND 100% PURE 80/20 4:1 HOMESTYLE RAW IQF FROZEN",1.5,N,1,34,488.00633746,143.0000,3.412632,1430.00,0.341263,1231.02000000,8.608531,0.860853,8.608531,3.412632,143.00,-214.50,-1.500000,31.756783,23.148252,12.021163,10.521163,2016nf7 (2weeks),0.0000,0.0000,0.0000,0.0000,0.0000,0.0000,13.0000,0.0000,0.0000,0.0000,0.0000,0.0000,0,0,0,0,0,0,7,0,0,0,0,0,0.000000,0.000000,0.000000,0.000000,0.000000,0.000000,1.857143,0.000000,0.000000,0.000000
7016397,7016397,"PRODUCE, FRESH","MELONS, FRESH","CANTALOUPE, FRESH","CANTALOUPE, 15 COUNT FRESH REF MELON",2,N,2,63,418.00000000,142.0000,2.943662,2130.00,0.196244,504.57000000,3.553310,0.236887,3.553310,2.943662,142.00,-284.00,-2.000000,22.712465,19.159155,6.496972,4.496972,2016nf7 (2weeks),0.0000,1.0000,0.0000,0.0000,0.0000,0.0000,5.0000,0.0000,0.0000,0.0000,0.0000,0.0000,0,1,0,0,0,0,5,0,0,0,0,0,0.000000,1.000000,0.000000,0.000000,0.000000,0.000000,1.000000,0.000000,0.000000,0.000000
1457100,1457100,"PRODUCE, FRESH","MELONS, FRESH","HONEYDEW, FRESH","HONEYDEW, FRESH REF MELON",2,N,3,65,458.29033882,140.0000,3.273502,3892.00,0.117752,814.79000000,5.819929,0.209350,5.819929,3.273502,140.00,-280.00,-2.000000,23.129786,17.309857,9.093431,7.093431,2016nf7 (2weeks),0.0000,1.0000,0.0000,0.0000,0.0000,0.0000,26.0000,0.0000,0.0000,0.0000,0.0000,0.0000,0,1,0,0,0,0,11,0,0,0,0,0,0.000000,1.000000,0.000000,0.000000,0.000000,0.000000,2.363636,0.000000,0.000000,0.000000
3462827,3462827,BEEF,"BEEF, GROUND","BEEF, PATTIES, RAW, FROZEN","BEEF, PATTY GROUND 100% PURE 80/20 4:1 ROUND 3/8"" THICK WAFFLED RAW IQF FRO",1.5,N,2,12,440.22949325,129.0000,3.412632,1290.00,0.341263,1156.10000000,8.962016,0.896202,8.962016,3.412632,129.00,-193.50,-1.500000,35.482481,26.520465,12.374648,10.874648,2016nf7 (2weeks),0.0000,0.0000,0.0000,0.0000,0.0000,0.0000,33.0000,0.0000,0.0000,0.0000,0.0000,1.0000,0,0,0,0,0,0,3,0,0,0,0,1,0.000000,0.000000,0.000000,0.000000,0.000000,0.000000,11.000000,0.000000,0.000000,0.000000
6074272,6074272,"PRODUCE, FRESH","MELONS, FRESH","HONEYDEW, FRESH","HONEYDEW, FRESH REF MELON",2,N,4,45,372.02235493,107.0000,3.476844,2675.00,0.139074,524.73000000,4.904019,0.196161,4.904019,3.476844,107.00,-214.00,-2.000000,21.943551,17.039533,8.380863,6.380863,2016nf7 (2weeks),0.0000,0.0000,0.0000,0.0000,0.0000,0.0000,11.0000,0.0000,0.0000,0.0000,0.0000,0.0000,0,0,0,0,0,0,10,0,0,0,0,0,0.000000,0.000000,0.000000,0.000000,0.000000,0.000000,1.100000,0.000000,0.000000,0.000000
7177256,7177256,"PRODUCE, FRESH","MELONS, FRESH","HONEYDEW, FRESH","HONEYDEW, FRESH REF MELON",2,N,1,38,349.00000000,96.0000,3.635417,2400.00,0.145417,434.07000000,4.521563,0.180863,4.521563,3.635417,96.00,-192.00,-2.000000,28.521563,24.000000,8.156980,6.156980,2016nf7 (2weeks),1.0000,0.0000,0.0000,0.0000,0.0000,0.0000,4.0000,0.0000,0.0000,0.0000,0.0000,0.0000,1,0,0,0,0,0,2,0,0,0,0,0,1.000000,0.000000,0.000000,0.000000,0.000000,0.000000,2.000000,0.000000,0.000000,0.000000
631036,631036,BEEF,"BEEF, GROUND","BEEF, PATTIES, RAW, FROZEN","BEEF, PATTY GROUND 80/20 4:1 ROUND WIDE 1/4"" THICK RAW FROZEN",1.5,N,2,26,163.80000000,91.0000,1.800000,910.00,0.180000,604.95000000,6.647802,0.664780,6.647802,1.800000,91.00,-136.50,-1.500000,33.087692,26.439890,8.447802,6.947802,2016nf7 (2weeks),0.0000,1.0000,0.0000,0.0000,0.0000,0.0000,9.0000,0.0000,0.0000,0.0000,0.0000,0.0000,0,1,0,0,0,0,5,0,0,0,0,0,0.000000,1.000000,0.000000,0.000000,0.000000,0.000000,1.800000,0.000000,0.000000,0.000000
1384429,1384429,"PRODUCE, FRESH","MELONS, FRESH","CANTALOUPE, FRESH","CANTALOUPE, 9-12 COUNT FRESH REF MELON",2,N,2,39,260.90803522,78.0000,3.344975,3120.00,0.083624,494.03000000,6.333718,0.158343,6.333718,3.344975,78.00,-156.00,-2.000000,27.075641,20.741923,9.678693,7.678693,2016nf7 (2weeks),0.0000,0.0000,0.0000,0.0000,0.0000,0.0000,7.0000,0.0000,0.0000,0.0000,0.0000,0.0000,0,0,0,0,0,0,7,0,0,0,0,0,0.000000,0.000000,0.000000,0.000000,0.000000,0.000000,1.000000,0.000000,0.000000,0.000000
2721165,2721165,POULTRY,"CHICKEN, NOT FURTHER PROCESSED, REF","CHICKEN, BREAST, BONELESS, RAW, REF","CHICKEN, BREAST DOUBLE-LOBE RANDOM JUMBO BONELESS-SKINLESS SOLUTION ADDED 1",4,N,1,24,395.20000000,76.0000,5.200000,3040.00,0.130000,909.61000000,11.968553,0.299214,11.968553,5.200000,76.00,-304.00,-4.000000,59.080000,47.111447,17.168553,13.168553,2016nf7 (2weeks),0.0000,0.0000,0.0000,0.0000,0.0000,0.0000,6.0000,0.0000,0.0000,0.0000,0.0000,0.0000,0,0,0,0,0,0,7,0,0,0,0,0,0.000000,0.000000,0.000000,0.000000,0.000000,0.000000,0.857143,0.000000,0.000000,0.000000
4436572,4436572,BEEF,"BEEF, GROUND","BEEF, PATTIES, RAW, FROZEN","BEEF, PATTY GROUND 100% PURE 80/20 4:1 ROUND 1/2"" THICK SCORED RAW IQF FROZ",1.5,N,2,28,259.36001149,76.0000,3.412632,760.00,0.341263,589.04000000,7.750526,0.775053,7.750526,3.412632,76.00,-114.00,-1.500000,34.958684,27.208158,11.163158,9.663158,2016nf7 (2weeks),0.0000,0.0000,0.0000,0.0000,0.0000,0.0000,8.0000,0.0000,0.0000,0.0000,0.0000,0.0000,0,0,0,0,0,0,5,0,0,0,0,0,0.000000,0.000000,0.000000,0.000000,0.000000,0.000000,1.600000,0.000000,0.000000,0.000000
4462867,4462867,BEEF,"BEEF, GROUND","BEEF, PATTIES, RAW, FROZEN","BEEF, PATTY GROUND 80/20 4:1 PUB 1/2"" THICK WAFFLED RAW IQF FROZEN",1.5,N,2,22,245.70948460,72.0000,3.412632,720.00,0.341263,387.54000000,5.382500,0.538250,5.382500,3.412632,72.00,-108.00,-1.500000,32.655417,27.272917,8.795132,7.295132,2016nf7 (2weeks),1.0000,0.0000,0.0000,0.0000,0.0000,0.0000,11.0000,0.0000,0.0000,0.0000,0.0000,0.0000,1,0,0,0,0,0,7,0,0,0,0,0,1.000000,0.000000,0.000000,0.000000,0.000000,0.000000,1.571429,0.000000,0.000000,0.000000
9444712,9444712,BEEF,"BEEF, GROUND","BEEF, PATTIES, RAW, FROZEN","BEEF, PATTY GROUND 80/20 4:1 PUB RAW IQF FROZEN",1.5,N,1,17,242.16106247,71.0000,3.410719,710.00,0.341072,598.27000000,8.426338,0.842634,8.426338,3.410719,71.00,-106.50,-1.500000,35.673803,27.247465,11.837057,10.337057,2016nf7 (2weeks),0.0000,0.0000,0.0000,0.0000,0.0000,0.0000,14.0000,0.0000,0.0000,0.0000,0.0000,0.0000,0,0,0,0,0,0,6,0,0,0,0,0,0.000000,0.000000,0.000000,0.000000,0.000000,0.000000,2.333333,0.000000,0.000000,0.000000
5095070,5095070,"PRODUCE, FRESH","MELONS, FRESH","CANTALOUPE, FRESH","CANTALOUPE, 9 COUNT FRESH REF MELON",2,N,4,47,195.52722312,59.0000,3.314021,2360.00,0.082851,429.18000000,7.274237,0.181856,7.274237,3.314021,59.00,-118.00,-2.000000,26.111186,18.836949,10.588258,8.588258,2016nf7 (2weeks),0.0000,1.0000,0.0000,0.0000,0.0000,0.0000,8.0000,0.0000,0.0000,0.0000,0.0000,2.0000,0,1,0,0,0,0,8,0,0,0,0,2,0.000000,1.000000,0.000000,0.000000,0.000000,0.000000,1.000000,0.000000,0.000000,0.000000
3887130,3887130,OILS & SHORTENING,"OIL, FRYING & SALAD","OIL, FRYING, LIQUID, BLENDS","SHORTENING, FRYING CANOLA CORN SOYBEAN BLEND LIQUID CLEAR TFF OIL",3,N,4,18,461.65107882,56.0000,8.243769,1960.00,0.235536,138.17000000,2.467321,0.070495,2.467321,8.243769,56.00,-224.00,-4.000000,35.318036,32.850714,10.711090,6.711090,2016nf7 (2weeks),0.0000,0.0000,0.0000,0.0000,0.0000,0.0000,4.0000,0.0000,0.0000,0.0000,0.0000,0.0000,0,0,0,0,0,0,3,0,0,0,0,0,0.000000,0.000000,0.000000,0.000000,0.000000,0.000000,1.333333,0.000000,0.000000,0.000000
2521078,2521078,BEEF,"BEEF, GROUND","BEEF, PATTIES, RAW, FROZEN","BEEF, PATTY GROUND 80/20 4:1 ROUND .41"" THICK RAW FROZEN",1.5,N,1,12,0.00000000,52.0000,0.000000,1040.00,0.000000,460.77000000,8.860962,0.443048,8.860962,0.000000,52.00,-78.00,-1.500000,61.155577,52.294615,8.860962,7.360962,2016nf7 (2weeks),0.0000,0.0000,0.0000,0.0000,0.0000,0.0000,1.0000,0.0000,0.0000,0.0000,0.0000,0.0000,0,0,0,0,0,0,1,0,0,0,0,0,0.000000,0.000000,0.000000,0.000000,0.000000,0.000000,1.000000,0.000000,0.000000,0.000000
9857855,9857855,"PRODUCE, FRESH","MELONS, FRESH","CANTALOUPE, FRESH","CANTALOUPE, 9-12 COUNT FRESH REF MELON",2,N,1,31,185.00000000,52.0000,3.557692,2080.00,0.088942,292.79000000,5.630577,0.140764,5.630577,3.557692,52.00,-104.00,-2.000000,23.030577,17.400000,9.188269,7.188269,2016nf7 (2weeks),-3.0000,1.0000,0.0000,0.0000,0.0000,0.0000,11.0000,0.0000,0.0000,0.0000,0.0000,0.0000,1,1,0,0,0,0,10,0,0,0,0,0,-3.000000,1.000000,0.000000,0.000000,0.000000,0.000000,1.100000,0.000000,0.000000,0.000000
6950000,6950000,BEEF,"BEEF, GROUND","BEEF, PATTIES, RAW, FROZEN","BEEF, PATTY GROUND 80/20 4:1 ROUND .3"" THICK RAW IQF FROZEN",1.5,N,1,12,90.30461243,45.0000,2.006769,450.00,0.200677,300.38000000,6.675111,0.667511,6.675111,2.006769,45.00,-67.50,-1.500000,30.928444,24.253333,8.681880,7.181880,2016nf7 (2weeks),0.0000,0.0000,0.0000,0.0000,0.0000,0.0000,1.0000,0.0000,0.0000,0.0000,0.0000,0.0000,0,0,0,0,0,0,1,0,0,0,0,0,0.000000,0.000000,0.000000,0.000000,0.000000,0.000000,1.000000,0.000000,0.000000,0.000000
8384398,8384398,"PRODUCE, FRESH","MELONS, FRESH","CANTALOUPE, FRESH","CANTALOUPE, 15 COUNT FRESH REF MELON",2,N,1,26,134.25053996,41.0000,3.274403,615.00,0.218294,178.73000000,4.359268,0.290618,4.359268,3.274403,41.00,-82.00,-2.000000,25.603171,21.243902,7.633671,5.633671,2016nf7 (2weeks),1.0000,1.0000,0.0000,0.0000,0.0000,0.0000,4.0000,0.0000,0.0000,0.0000,0.0000,0.0000,1,1,0,0,0,0,4,0,0,0,0,0,1.000000,1.000000,0.000000,0.000000,0.000000,0.000000,1.000000,0.000000,0.000000,0.000000
7384761,7384761,"PRODUCE, FRESH","ONIONS, FRESH","ONIONS, YELLOW, FRESH","ONION, YELLOW JUMBO FRESH REF",3,N,1,28,117.33075279,39.0000,3.008481,1950.00,0.060170,275.21000000,7.056667,0.141133,7.056667,3.008481,39.00,-117.00,-3.000000,29.998974,22.942308,10.065148,7.065148,2016nf7 (2weeks),0.0000,1.0000,0.0000,0.0000,0.0000,0.0000,8.0000,0.0000,0.0000,0.0000,0.0000,0.0000,0,1,0,0,0,0,7,0,0,0,0,0,0.000000,1.000000,0.000000,0.000000,0.000000,0.000000,1.142857,0.000000,0.000000,0.000000
7615339,7615339,BEEF,"BEEF, GROUND","BEEF, PATTIES, RAW, FROZEN","BEEF, PATTY GROUND 80/20 4:1 HOMESTYLE WAFFLED RAW IQF FROZEN",1.5,N,1,17,129.68000574,38.0000,3.412632,380.00,0.341263,343.60000000,9.042105,0.904211,9.042105,3.412632,38.00,-57.00,-1.500000,35.924737,26.882632,12.454737,10.954737,2016nf7 (2weeks),0.0000,0.0000,0.0000,0.0000,0.0000,0.0000,5.0000,0.0000,0.0000,0.0000,0.0000,0.0000,0,0,0,0,0,0,2,0,0,0,0,0,0.000000,0.000000,0.000000,0.000000,0.000000,0.000000,2.500000,0.000000,0.000000,0.000000
9857871,9857871,"PRODUCE, FRESH","MELONS, FRESH","HONEYDEW, FRESH","HONEYDEW, 5-6 COUNT FRESH REF MELON",2,N,1,26,135.25000000,37.0000,3.655405,1028.60,0.131489,148.29000000,4.007838,0.144167,4.007838,3.655405,37.00,-74.00,-2.000000,20.103784,16.095946,7.663243,5.663243,2016nf7 (2weeks),1.0000,0.0000,0.0000,0.0000,0.0000,0.0000,10.0000,0.0000,0.0000,0.0000,0.0000,0.0000,1,0,0,0,0,0,7,0,0,0,0,0,1.000000,0.000000,0.000000,0.000000,0.000000,0.000000,1.428571,0.000000,0.000000,0.000000
8914830,8914830,DISPOSABLES,"STRAWS, STIRRERS, STEAK MARKERS, SKEWERS & OTHER",STRAWS,"STRAW, JUMBO 7.75"" TRANSLUCENT WRAPPED PAPER STANDARD PLASTIC BOX",4,N,2,34,797.99584966,36.0000,22.166551,438.12,1.821409,380.29000000,10.563611,0.868004,10.563611,22.166551,36.00,-144.00,-4.000000,61.462500,50.898889,32.730162,28.730162,2016nf7 (2weeks),0.0000,0.0000,0.0000,0.0000,0.0000,0.0000,7.0000,0.0000,0.0000,0.0000,0.0000,0.0000,0,0,0,0,0,0,7,0,0,0,0,0,0.000000,0.000000,0.000000,0.000000,0.000000,0.000000,1.000000,0.000000,0.000000,0.000000
6949101,6949101,BEEF,"BEEF, GROUND","BEEF, PATTIES, RAW, FROZEN","BEEF, PATTY GROUND 80/20 4:1 HOMESTYLE .32"" THICK RAW IQF FROZEN",1.5,N,1,5,72.50000000,29.0000,2.500000,290.00,0.250000,158.40000000,5.462069,0.546207,5.462069,2.500000,29.00,-43.50,-1.500000,29.852414,24.390345,7.962069,6.462069,2016nf7 (2weeks),0.0000,0.0000,0.0000,0.0000,0.0000,0.0000,14.0000,0.0000,0.0000,0.0000,0.0000,0.0000,0,0,0,0,0,0,2,0,0,0,0,0,0.000000,0.000000,0.000000,0.000000,0.000000,0.000000,7.000000,0.000000,0.000000,0.000000
6305106,6305106,"PRODUCE, FRESH","MELONS, FRESH","CANTALOUPE, FRESH","CANTALOUPE, 15 COUNT FRESH REF MELON",2,N,1,13,101.56501044,28.0000,3.627322,420.00,0.241821,34.96593532,1.248783,0.083252,1.248783,3.627322,28.00,-56.00,-2.000000,22.426786,21.907143,4.876105,2.876105,2016nf7 (2weeks),0.0000,0.0000,0.0000,0.0000,0.0000,0.0000,4.0000,0.0000,0.0000,0.0000,0.0000,0.0000,0,0,0,0,0,0,1,0,0,0,0,0,0.000000,0.000000,0.000000,0.000000,0.000000,0.000000,4.000000,0.000000,0.000000,0.000000
5384409,5384409,"PRODUCE, FRESH","MELONS, FRESH","HONEYDEW, FRESH","HONEYDEW, FRESH REF MELON",2,N,3,17,84.60241167,26.0000,3.253939,722.80,0.117048,125.29000000,4.818846,0.173340,4.818846,3.253939,26.00,-52.00,-2.000000,24.484231,19.665385,8.072785,6.072785,2016nf7 (2weeks),0.0000,0.0000,0.0000,0.0000,0.0000,0.0000,5.0000,0.0000,0.0000,0.0000,0.0000,0.0000,0,0,0,0,0,0,4,0,0,0,0,0,0.000000,0.000000,0.000000,0.000000,0.000000,0.000000,1.250000,0.000000,0.000000,0.000000
5596820,5596820,BEEF,"BEEF, GROUND","BEEF, PATTIES, RAW, FROZEN","BEEF, PATTY GROUND 80/20 4:1 HOMESTYLE RAW FROZEN",1.5,N,2,13,80.00000000,20.0000,4.000000,400.00,0.200000,195.76000000,9.788000,0.489400,9.788000,4.000000,20.00,-30.00,-1.500000,63.638000,53.850000,13.788000,12.288000,2016nf7 (2weeks),0.0000,1.0000,0.0000,0.0000,0.0000,0.0000,3.0000,0.0000,0.0000,0.0000,0.0000,0.0000,0,1,0,0,0,0,3,0,0,0,0,0,0.000000,1.000000,0.000000,0.000000,0.000000,0.000000,1.000000,0.000000,0.000000,0.000000
9462854,9462854,BEEF,"BEEF, GROUND","BEEF, PATTIES, RAW, FROZEN","BEEF, PATTY GROUND 100% PURE 80/20 4:1 PUB 3/8"" THICK RAW IQF FROZEN SKY",1.5,N,1,9,64.84000287,19.0000,3.412632,190.00,0.341263,159.73000000,8.406842,0.840684,8.406842,3.412632,19.00,-28.50,-1.500000,36.613684,28.206842,11.819474,10.319474,2016nf7 (2weeks),0.0000,0.0000,0.0000,0.0000,0.0000,0.0000,8.0000,0.0000,0.0000,0.0000,0.0000,0.0000,0,0,0,0,0,0,4,0,0,0,0,0,0.000000,0.000000,0.000000,0.000000,0.000000,0.000000,2.000000,0.000000,0.000000,0.000000
1996339,1996339,PROCESSED MEAT,DELI & LUNCHEON MEATS,"SALAMI & DRY SAUSAGE OTHER, MEAT OR BEEF, BULK OR SLICED, REFRIGERATED","SALAMI, GENOA PORK BEEF STICK 6 LBA ALL NATURAL UNCURED REF DELI-FACED",0.25,Y,2,10,34.01928592,12.0000,2.834940,150.77,0.225637,63.16000000,5.263333,0.418916,0.418916,0.225637,12.00,-37.70,-0.250050,4.166943,3.748027,0.644553,0.394503,2016nf7 (2weeks),0.0000,0.0000,0.0000,0.0000,0.0000,0.0000,4.0000,0.0000,0.0000,0.0000,0.0000,0.0000,0,0,0,0,0,0,3,0,0,0,0,0,0.000000,0.000000,0.000000,0.000000,0.000000,0.000000,1.333333,0.000000,0.000000,0.000000
6369680,6369680,BEEF,"BEEF, GROUND","BEEF, PATTIES, RAW, FROZEN","BEEF, PATTY GROUND 75/25 4:1 WIDE RAW FROZEN",1.5,N,1,5,17.00000000,10.0000,1.700000,100.00,0.170000,45.43000000,4.543000,0.454300,4.543000,1.700000,10.00,-15.00,-1.500000,27.755000,23.212000,6.243000,4.743000,2016nf7 (2weeks),0.0000,0.0000,0.0000,0.0000,0.0000,0.0000,3.0000,0.0000,0.0000,0.0000,0.0000,0.0000,0,0,0,0,0,0,2,0,0,0,0,0,0.000000,0.000000,0.000000,0.000000,0.000000,0.000000,1.500000,0.000000,0.000000,0.000000
1291574,1291574,"PRODUCE, FRESH","MELONS, FRESH","HONEYDEW, FRESH","HONEYDEW, FRESH REF MELON",2,N,1,6,30.37512148,9.0000,3.375013,234.00,0.129808,45.26000000,5.028889,0.193419,5.028889,3.375013,9.00,-18.00,-2.000000,20.252222,15.223333,8.403902,6.403902,2016nf7 (2weeks),0.0000,0.0000,0.0000,0.0000,0.0000,0.0000,4.0000,0.0000,0.0000,0.0000,0.0000,0.0000,0,0,0,0,0,0,3,0,0,0,0,0,0.000000,0.000000,0.000000,0.000000,0.000000,0.000000,1.333333,0.000000,0.000000,0.000000
7326697,7326697,"PRODUCE, FRESH","ONIONS, FRESH","ONIONS, YELLOW, FRESH","ONION, YELLOW COLOSSAL 3 3/4""+ BAG FRESH REF",3,N,1,1,10.82182740,2.0000,5.410914,100.00,0.108218,10.88000000,5.440000,0.108800,5.440000,5.410914,2.00,-6.00,-3.000000,19.790000,14.350000,10.850914,7.850914,2016nf7 (2weeks),0.0000,0.0000,0.0000,0.0000,0.0000,0.0000,2.0000,0.0000,0.0000,0.0000,0.0000,0.0000,0,0,0,0,0,0,1,0,0,0,0,0,0.000000,0.000000,0.000000,0.000000,0.000000,0.000000,2.000000,0.000000,0.000000,0.000000
