apn,prod_nbr,pim_cls_desc,pim_ctgry_desc,pim_grp_desc,pim_prod_desc_lng,total_allowance_for_flyer,ctch_wt_ind,div_cnt,cust_cnt,ttl_pa,ttl_qty_shipped,pa_per_cs,ttl_wght_shipped,pa_per_lb,ttl_tgp,grss_tgp_cs,grss_tgp_lb,ttl_tgp_uom,ttl_pa_uom,ttl_qty_ordered,ttl_prd_allowance,ttl_prd_allwnc_uom,sell_prc_per_uom,dwacost_per_uom,tgppa_uom,tgppa_pls_prdctallwnc_uom,time_frame,qty_pre6,qty_pre5,qty_pre4,qty_pre3,qty_pre2,qty_pre1,qty_promo,qty_post1,qty_post2,qty_post3,cust_cnt_pre6,cust_cnt_pre5,cust_cnt_pre4,cust_cnt_pre3,cust_cnt_pre2,cust_cnt_pre1,cust_count_promo,cust_cnt_post1,cust_cnt_post2,cust_cnt_post3,qty_per_cust_pre6,qty_per_cust_pre5,qty_per_cust_pre4,qty_per_cust_pre3,qty_per_cust_pre2,qty_per_cust_pre1,qty_per_cust_promo,qty_per_cust_post1,qty_per_cust_post2,qty_per_cust_post3
2720977,2720977,POULTRY,"CHICKEN, NOT FURTHER PROCESSED, REF","CHICKEN, BREAST, BONELESS, RAW, REF","CHICKEN, BREAST DOUBLE-LOBE RANDOM JUMBO BONELESS-SKINLESS RAW REF CVP",4,N,53,10051,333046.83111067,59905.0000,5.559583,2396200.00,0.138990,217557.00665725,3.631700,0.090793,3.631700,5.559583,59971.00,-239620.00,-4.000000,55.315578,51.683884,9.191283,5.191283,2016nf7 (2weeks),43030.0000,45832.0000,53020.0000,47298.0000,47435.0000,50112.0000,55732.0000,44831.0000,47286.0000,47980.0000,6482,6651,7265,7026,7191,7468,8822,7117,7057,6956,6.638383,6.890994,7.298004,6.731853,6.596440,6.710230,6.317388,6.299143,6.700581,6.897642
9329269,9329269,"FRUITS & VEGETABLES, CANNED & DRIED","TOMATOES, CANNED","TOMATOES, CANNED, WHOLE","TOMATO, WHOLE IN JUICE PEELED CANNED",4,N,55,3136,229912.33891557,59888.0000,3.839039,2290716.00,0.100367,16595.65489216,0.277112,0.007245,0.277112,3.839039,60190.00,-239552.00,-4.000000,17.125065,16.847942,4.116151,0.116151,2016nf7 (2weeks),18663.3333,21148.1666,23800.8333,21191.8333,22196.6667,22169.8334,43509.1666,14887.3333,16183.6667,16807.8333,1769,1840,1908,1973,2001,1983,2519,1611,1644,1635,10.550217,11.493569,12.474231,10.740919,11.092787,11.179946,17.272396,9.241051,9.844080,10.280020
8383283,8383283,"GROCERY, DRY","SUGAR, BULK","SUGAR, WHITE & RAW, BULK","SUGAR, WHITE EXTRA FINE CANE",4,N,56,10263,208038.70000000,37437.0000,5.557034,1871850.00,0.111141,54164.76000000,1.446824,0.028936,1.446824,5.557034,37437.00,-149748.00,-4.000000,26.775451,25.328627,7.003858,3.003858,2016nf7 (2weeks),16422.0000,17291.0000,19355.0000,19437.0000,20734.0000,20872.0000,29435.0000,17849.0000,19795.0000,21429.0000,5272,5459,5816,5946,6211,6150,8127,5610,5878,5932,3.114947,3.167430,3.327889,3.268920,3.338271,3.393821,3.621878,3.181640,3.367642,3.612441
8326696,8326696,"PRODUCE, FRESH","ONIONS, FRESH","ONIONS, YELLOW, FRESH","ONION, YELLOW JUMBO 3""+ BAG FRESH REF",3,N,48,9702,83719.51875237,22861.0000,3.662111,1143050.00,0.073242,80292.27472272,3.512194,0.070244,3.512194,3.662111,22861.00,-68583.00,-3.000000,24.745920,21.244095,7.174305,4.174305,2016nf7 (2weeks),15113.6800,15058.2400,16363.8800,15460.0000,15975.9200,15891.0000,20030.0000,15211.0800,15484.7600,15294.7600,5693,5728,6150,6052,6214,6064,8289,5736,5922,5908,2.654783,2.628883,2.660793,2.554527,2.570956,2.620547,2.416456,2.651862,2.614786,2.588822
899807,899807,DAIRY,BUTTER,"BUTTER, REFRIGERATED","BUTTER, SOLID GRADE AA UNSALTED REF",4,N,46,4288,60435.96472267,9855.6112,6.132138,354802.00,0.170337,89285.09000000,9.059315,0.251648,9.059315,6.132138,9860.62,-39416.00,-3.999346,97.115534,88.056218,15.191453,11.192107,2016nf7 (2weeks),6152.7222,6484.1945,7176.8333,7101.4447,7025.2775,7039.9166,8982.5278,6433.6110,6779.4446,6741.7223,2388,2490,2691,2691,2779,2645,3675,2474,2630,2551,2.576517,2.604094,2.666976,2.638961,2.527988,2.661594,2.444225,2.600489,2.577736,2.642776
5328604,5328604,"GROCERY, REF & FZN","BREAD & DOUGH, REF & FZN","BUNS, HAMBURGER & HOT DOG, FROZEN","BUN, HAMBURGER 4"" SLICED TFF BAKED FROZEN",3,N,56,2086,48343.89452469,5927.0000,8.156554,74680.21,0.647345,24185.56000000,4.080574,0.323855,4.080574,8.156554,5928.01,-17778.00,-2.999494,24.498019,20.417446,12.237128,9.237634,2016nf7 (2weeks),2056.0000,2281.0000,2429.2500,2652.7500,3240.7500,3402.2500,4815.0000,3209.0000,3431.0000,3105.0000,791,828,923,980,1127,1099,1633,976,1050,974,2.599241,2.754831,2.631907,2.706888,2.875555,3.095769,2.948561,3.287910,3.267619,3.187885
7693799,7693799,"APPETIZERS, ENTREES, & POTATOES REF & FZN","POTATOES, FZN","POTATOES, SWEET, FRENCH FRIED, FROZEN","POTATO, FRENCH-FRY SWEET 3/8"" STRAIGHT-CUT SKIN-ON FROZEN HOUSE",5,N,56,1548,33702.11470249,5531.0000,6.093313,82965.00,0.406221,21494.61279290,3.886207,0.259080,3.886207,6.093313,5532.00,-27655.00,-5.000000,28.547145,24.683291,9.979520,4.979520,2016nf7 (2weeks),3335.0000,3648.0000,3851.0000,3904.0000,4199.0000,4215.0000,4940.0000,4125.0000,4249.0000,4214.0000,881,938,972,1006,1032,1044,1277,972,985,972,3.785471,3.889126,3.961934,3.880716,4.068798,4.037356,3.868442,4.243827,4.313706,4.335391
877506,877506,DAIRY,BUTTER,"BUTTER, REFRIGERATED","BUTTER, SOLID GRADE AA SALTED REF",4,N,46,2233,31780.77036939,5186.2778,6.127857,186706.00,0.170218,42683.83000000,8.230147,0.228615,8.230147,6.127857,5186.28,-20744.00,-3.999786,95.693272,87.463124,14.358004,10.358218,2016nf7 (2weeks),2631.1112,3001.4444,3373.5834,3307.3333,3247.4999,3499.9445,4526.5279,3056.8333,3275.7778,3461.9167,1059,1122,1251,1237,1284,1200,1798,1135,1229,1229,2.484524,2.675084,2.696709,2.673673,2.529206,2.916620,2.517535,2.693245,2.665401,2.816857
3328606,3328606,"GROCERY, REF & FZN","BREAD & DOUGH, REF & FZN","BUNS, HAMBURGER & HOT DOG, FROZEN","BUN, HOT DOG 6"" SLICED TFF BAKED FROZEN",3,N,52,1797,37984.12722436,4661.0000,8.149351,46610.00,0.814935,19077.81000000,4.093072,0.409307,4.093072,8.149351,4661.00,-13983.00,-3.000000,24.032555,19.939483,12.242423,9.242423,2016nf7 (2weeks),1495.0000,1419.0000,1464.8750,1863.0000,2148.0000,2211.0000,3471.0000,2148.0000,2160.0000,1792.0000,535,541,624,678,794,775,1247,693,699,668,2.794393,2.622921,2.347556,2.747788,2.705290,2.852903,2.783480,3.099567,3.090129,2.682635
3340817,3340817,CHEESE,"CHEESE, PROCESSED","CHEESE, PASTEURIZED/PROCESSED, SLICES","CHEESE, AMERICAN SLICED 160 COUNT TFF PROCESSED YELLOW REF",4,N,49,2311,27446.85300716,4257.7500,6.446328,85155.00,0.322316,36011.53000000,8.457878,0.422894,8.457878,6.446328,4259.75,-17016.00,-3.996477,44.454484,35.996606,14.904206,10.907729,2016nf7 (2weeks),2212.0000,2130.5000,2387.7500,2335.7500,2514.0000,2445.5000,3377.5000,2221.2500,2388.5000,2488.5000,1121,1142,1238,1220,1280,1224,1742,1094,1217,1254,1.973238,1.865587,1.928716,1.914549,1.964063,1.997958,1.938863,2.030393,1.962613,1.984450
7328693,7328693,OILS & SHORTENING,"OIL, FRYING & SALAD","OIL, FRYING, LIQUID, PEANUT","SHORTENING, FRYING PEANUT LIQUID CLEAR TFF OIL",3,N,47,402,20336.61251869,3593.0000,5.660065,125755.00,0.161716,7590.62000000,2.112613,0.060360,2.112613,5.660065,3594.00,-14372.00,-4.000000,38.570932,36.458319,7.772678,3.772678,2016nf7 (2weeks),1906.0000,1911.0000,2135.0000,2075.0000,2137.0000,2011.0000,3276.0000,1793.0000,1879.0000,2016.0000,252,249,274,269,287,286,338,255,267,264,7.563492,7.674699,7.791971,7.713755,7.445993,7.031469,9.692308,7.031373,7.037453,7.636364
1005891,1005891,POULTRY,"CHICKEN, FURTHER PROCESSED, REF & FZN","CHICKEN, WING & WING SECTIONS, BATTERED, BREADED, COOKED, FROZEN","CHICKEN, WING 1ST-&-2ND-JOINT BREADED SEASONED 12-16 COUNT COOKED FROZEN GO",3,N,36,775,25426.60212944,3508.0000,7.248176,52620.00,0.483212,10412.50000000,2.968216,0.197881,2.968216,7.248176,3508.00,-10524.00,-3.000000,52.486035,49.649806,10.216392,7.216392,2016nf7 (2weeks),2212.0000,2432.0000,2599.0000,2508.0000,2672.0000,2639.0000,3254.0000,2430.0000,2756.0000,2520.0000,464,471,495,495,531,519,657,482,493,494,4.767241,5.163482,5.250505,5.066667,5.032015,5.084778,4.952816,5.041494,5.590264,5.101215
7779093,7779093,"PRODUCE, FRESH","LETTUCE, SPINACH & MICRO GREENS, FRESH","LETTUCE, ICEBERG, FRESH, VALUE ADDED","LETTUCE, ICEBERG GREEN LEAF BETTER BURGER BAG FRESH REF",2,N,37,1332,12482.08140812,3403.0000,3.667964,34030.00,0.366796,14578.83000000,4.284111,0.428411,4.284111,3.667964,3416.00,-6806.00,-2.000000,24.302442,20.018331,7.952075,5.952075,2016nf7 (2weeks),1972.5000,2176.5000,2244.5000,2424.5000,2599.5000,2690.0000,3081.5000,2778.0000,2757.5000,2651.0000,750,801,834,897,945,939,1131,924,903,921,2.630000,2.717228,2.691247,2.702899,2.750794,2.864750,2.724580,3.006494,3.053710,2.878393
1330083,1330083,PROCESSED MEAT,HOT DOGS & CORN DOGS,"HOT DOGS, BEEF, FROZEN","HOT DOG, ALL-BEEF 4:1 6"" ROLLER GRILL COOKED FROZEN",2.5,N,40,693,16478.84000000,2290.0000,7.196000,22900.00,0.719600,14663.44000000,6.403249,0.640325,6.403249,7.196000,2290.00,-5725.00,-2.500000,30.913131,24.509882,13.599249,11.099249,2016nf7 (2weeks),809.0000,886.0000,926.0000,998.0000,1324.0000,1246.0000,1775.0000,1042.0000,1199.0000,1076.0000,258,270,312,301,349,326,484,295,305,289,3.135659,3.281481,2.967949,3.315615,3.793696,3.822086,3.667355,3.532203,3.931148,3.723183
3938214,3938214,PORK,"HAM, BONELESS, SMOKED/CURED","HAM, BONELESS, NATURAL JUICE OR NATURALLY CURED, REFRIGERATED","HAM, BONELESS D-SHAPED SMOKED APPLEWOOD REF DELI-FACED ALL NATURAL PORK",0.4,Y,54,1009,16735.98895330,2261.5000,7.400393,36189.63,0.462453,27862.67000000,12.320438,0.769908,0.769908,0.462453,2261.50,-14472.89,-0.399918,4.027606,3.257699,1.232361,0.832443,2016nf7 (2weeks),1523.0000,1725.0000,1718.5000,1773.0000,1810.0000,1857.5000,2078.5000,1735.0000,1835.0000,1831.0000,642,687,710,720,738,722,904,696,714,708,2.372274,2.510917,2.420423,2.462500,2.452575,2.572715,2.299226,2.492816,2.570028,2.586158
4681433,4681433,DAIRY,BUTTER,"BUTTER, REFRIGERATED","BUTTER, SOLID AA UNSALTED REF",4,N,10,964,11712.75000000,2231.0000,5.250000,66930.00,0.175000,17953.76000000,8.047405,0.268247,8.047405,5.250000,2231.00,-8924.00,-4.000000,80.370117,72.322712,13.297405,9.297405,2016nf7 (2weeks),1515.8000,1395.0000,1687.0000,1521.0000,1685.0000,1693.0000,2082.2000,1654.0000,1770.0000,1786.0000,574,571,608,623,652,622,850,607,651,637,2.640767,2.443082,2.774671,2.441413,2.584356,2.721865,2.449647,2.724876,2.718894,2.803768
1033752,1033752,POULTRY,"CHICKEN, FURTHER PROCESSED, REF & FZN","CHICKEN, WING & WING SECTIONS, BATTERED, BREADED, COOKED, FROZEN","CHICKEN, WING 1ST-&-2ND-JOINT BREADED HOT & SPICY 12-16 COUNT COOKED FROZEN",3,N,28,424,14754.05369081,2183.0000,6.758614,32745.00,0.450574,6562.21000000,3.006051,0.200403,3.006051,6.758614,2184.00,-6549.00,-3.000000,51.337013,50.393633,9.764665,6.764665,2016nf7 (2weeks),1121.0000,1268.0000,1357.0000,1346.0000,1538.0000,1553.0000,2028.0000,2015.0000,1946.0000,2093.0000,240,259,258,264,272,295,359,267,258,269,4.670833,4.895753,5.259690,5.098485,5.654412,5.264407,5.649025,7.546816,7.542636,7.780669
7330095,7330095,PROCESSED MEAT,HOT DOGS & CORN DOGS,"HOT DOGS, BEEF, FROZEN","HOT DOG, ALL-BEEF 8:1 6"" ROLLER GRILL COOKED FROZEN",2.5,N,47,640,15320.28400000,2129.0000,7.196000,21290.00,0.719600,12419.98000000,5.833715,0.583372,5.833715,7.196000,2129.00,-5322.50,-2.500000,30.353156,24.519441,13.029715,10.529715,2016nf7 (2weeks),436.0000,612.0000,648.0000,597.0000,872.0000,1096.0000,1542.0000,1209.0000,935.0000,1107.0000,157,170,199,196,249,232,386,211,211,220,2.777070,3.600000,3.256281,3.045918,3.502008,4.724138,3.994819,5.729858,4.431280,5.031818
9855909,9855909,DISPOSABLES,"STRAWS, STIRRERS, STEAK MARKERS, SKEWERS & OTHER",STRAWS,"STRAW, JUMBO 7.75"" TRANSLUCENT WRAPPED PAPER STANDARD POLYPROPYLENE BOX",4,N,53,1702,17664.58335680,1970.0000,8.966794,9987.90,1.768598,12153.74000000,6.169411,1.216846,6.169411,8.966794,1970.00,-7880.00,-4.000000,28.178990,22.009579,15.136205,11.136205,2016nf7 (2weeks),703.7000,640.2000,828.2000,797.9000,772.7000,657.0000,1401.3000,645.2000,764.0000,814.0000,620,551,702,669,667,548,1181,510,631,666,1.135000,1.161887,1.179772,1.192676,1.158471,1.198905,1.186537,1.265098,1.210777,1.222222
7779077,7779077,"PRODUCE, FRESH","LETTUCE, SPINACH & MICRO GREENS, FRESH","LETTUCE, ICEBERG, FRESH, VALUE ADDED","LETTUCE, ICEBERG GREEN LEAF BETTER BURGER BULK FRESH REF",2,N,14,527,4871.67535045,1326.0000,3.673963,13260.00,0.367396,5232.20000000,3.945852,0.394585,3.945852,3.673963,1327.00,-2652.00,-2.000000,22.197308,18.251456,7.619815,5.619815,2016nf7 (2weeks),806.0000,818.0000,872.0000,888.0000,978.0000,1021.0000,1190.0000,1045.0000,955.0000,947.0000,316,327,343,360,387,371,447,375,358,361,2.550633,2.501529,2.542274,2.466667,2.527132,2.752022,2.662192,2.786667,2.667598,2.623269
3340510,3340510,CHEESE,"CHEESE, PROCESSED","CHEESE, PASTEURIZED/PROCESSED, SLICES","CHEESE, AMERICAN SLICED 120 COUNT TFF PROCESSED YELLOW REF",4,N,7,522,7882.57818759,1222.5000,6.447917,24450.00,0.322396,9458.44000000,7.736965,0.386848,7.736965,6.447917,1222.50,-4884.00,-3.995092,43.599681,35.862716,14.184882,10.189790,2016nf7 (2weeks),609.7500,616.5000,655.5000,856.0000,672.5000,658.5000,1088.0000,585.2500,763.2500,938.0000,298,310,328,340,329,316,443,287,321,312,2.046141,1.988710,1.998476,2.517647,2.044073,2.083861,2.455982,2.039199,2.377726,3.006410
2327302,2327302,BEEF,"BEEF, GROUND","BEEF, PATTIES, RAW, FROZEN","BEEF, PATTY GROUND 80/20 4:1 HOMESTYLE RAW FROZEN",1.5,N,15,290,2107.06053553,1177.0000,1.790196,11770.00,0.179020,8483.80000000,7.207986,0.720799,7.207986,1.790196,1177.00,-1765.50,-1.500000,31.166024,23.958037,8.998182,7.498182,2016nf7 (2weeks),676.0000,674.0000,741.0000,680.0000,763.0000,826.0000,922.0000,653.0000,744.0000,701.0000,135,128,143,138,150,150,202,131,149,143,5.007407,5.265625,5.181818,4.927536,5.086667,5.506667,4.564356,4.984733,4.993289,4.902098
1632758,1632758,PROCESSED MEAT,HOT DOGS & CORN DOGS,"HOT DOGS, BEEF, FROZEN","HOT DOG, ALL-BEEF 8:1 6"" ROLLER GRILL SKINLESS COOKED FROZEN BULK",2.5,N,7,343,7467.81826321,1035.0000,7.215283,10350.00,0.721528,6010.09000000,5.806850,0.580685,5.806850,7.215283,1036.00,-2587.50,-2.500000,30.180174,24.373324,13.022133,10.522133,2016nf7 (2weeks),410.0000,388.0000,344.0000,411.0000,439.0000,490.0000,753.0000,437.0000,420.0000,354.0000,134,120,132,138,169,151,237,131,147,127,3.059701,3.233333,2.606061,2.978261,2.597633,3.245033,3.177215,3.335878,2.857143,2.787402
4681383,4681383,DAIRY,BUTTER,"BUTTER, REFRIGERATED","BUTTER, SOLID AA SALTED REF",4,N,10,415,4331.25000000,825.0000,5.250000,24750.00,0.175000,8024.10000000,9.726182,0.324206,9.726182,5.250000,825.00,-3300.00,-4.000000,81.321806,71.595624,14.976182,10.976182,2016nf7 (2weeks),563.0000,544.0000,601.0000,586.0000,623.0000,635.0000,746.0000,586.0000,636.0000,619.0000,240,228,251,251,277,257,356,251,269,256,2.345833,2.385965,2.394422,2.334661,2.249097,2.470817,2.095506,2.334661,2.364312,2.417969
8895328,8895328,POULTRY,"TURKEY, FURTHER PROCESSED","TURKEY BREAST, COOKED, UNSLICED, REFRIGERATED","TURKEY, BREAST WHOLE MUSCLE HONEY SKINLESS COOKED ROASTED UNSLICED REF",0.25,Y,40,315,5783.87513733,802.0000,7.211814,7690.15,0.752115,3923.64000000,4.892319,0.510216,0.510216,0.752115,806.00,-1922.80,-0.250034,4.931403,4.421187,1.262331,1.012297,2016nf7 (2weeks),384.0000,418.0000,444.0000,495.0000,518.0000,482.0000,659.0000,508.0000,529.0000,485.0000,138,155,162,168,176,173,219,162,169,156,2.782609,2.696774,2.740741,2.946429,2.943182,2.786127,3.009132,3.135802,3.130178,3.108974
7332034,7332034,"PRODUCE, FRESH","ONIONS, FRESH","ONIONS, YELLOW, FRESH","ONION, YELLOW JUMBO 3""+ BOX FRESH REF",3,N,5,372,3678.22265992,790.0000,4.655978,39500.00,0.093120,4866.64000000,6.160304,0.123206,6.160304,4.655978,790.00,-2370.00,-3.000000,29.727772,23.567468,10.816282,7.816282,2016nf7 (2weeks),422.0000,432.0000,528.0000,511.0000,517.0000,519.0000,675.0000,528.0000,541.0000,519.0000,181,190,213,213,210,217,301,205,211,201,2.331492,2.273684,2.478873,2.399061,2.461905,2.391705,2.242525,2.575610,2.563981,2.582090
3327152,3327152,SEAFOOD,"SHELLFISH, OTHER, FZN","SCALLOP, UNBREADED FROZEN","SCALLOP, SEA 10-20 COUNT DRY RAW IQF FROZEN USA WILD",5,N,47,343,6134.41097704,772.0000,7.946128,7720.00,0.794613,9109.28000000,11.799585,1.179959,11.799585,7.946128,778.00,-3860.00,-5.000000,147.785764,135.986179,19.745713,14.745713,2016nf7 (2weeks),391.0000,389.0000,481.5000,418.5000,448.0000,435.0000,663.0000,464.0000,514.5000,437.5000,146,151,174,179,171,174,250,156,177,168,2.678082,2.576159,2.767241,2.337989,2.619883,2.500000,2.652000,2.974359,2.906780,2.604167
6763494,6763494,"FRUITS & VEGETABLES, CANNED & DRIED","VEGETABLES, CANNED","BEANS, BAKED, CANNED","BEAN, BAKED W/ BOURBON MOLASSES & PORK BELLY CANNED",5,N,52,439,8460.41738806,768.6667,11.006614,33721.41,0.250892,4668.60000000,6.073634,0.138446,6.073634,11.006614,774.67,-3840.00,-4.995663,40.802457,34.728823,17.080248,12.084585,2016nf7 (2weeks),226.0000,270.0000,270.8333,310.0000,341.3333,349.5000,497.0000,250.0000,267.3333,277.0000,89,110,111,122,152,139,238,112,123,124,2.539326,2.454545,2.439940,2.540984,2.245614,2.514388,2.088235,2.232143,2.173441,2.233871
1025121,1025121,"PRODUCE, FRESH","MELONS, FRESH","CANTALOUPE, FRESH","CANTALOUPE, 12 COUNT FRESH REF MELON",2,N,12,315,1894.36655441,622.0000,3.045605,24880.00,0.076140,2435.53000000,3.915643,0.097891,3.915643,3.045605,622.00,-1244.00,-2.000000,21.971238,18.055595,6.961248,4.961248,2016nf7 (2weeks),312.0000,323.0000,372.0000,348.0000,425.2500,484.0000,519.0000,404.0000,415.0000,354.0000,126,129,145,152,176,185,242,175,165,159,2.476190,2.503876,2.565517,2.289474,2.416193,2.616216,2.144628,2.308571,2.515152,2.226415
1010651,1010651,"PRODUCE, FRESH","MELONS, FRESH","HONEYDEW, FRESH","HONEYDEW, FRESH REF MELON",2,N,14,290,1899.75850218,592.0000,3.209052,17760.00,0.106968,2836.05000000,4.790625,0.159688,4.790625,3.209052,593.00,-1184.00,-2.000000,19.716807,14.926182,7.999677,5.999677,2016nf7 (2weeks),233.0000,271.0000,311.0000,290.0000,340.0000,353.0000,477.4444,389.0000,385.0000,354.0000,104,117,135,131,151,152,210,147,156,145,2.240385,2.316239,2.303704,2.213740,2.251656,2.322368,2.273545,2.646259,2.467949,2.441379
8327256,8327256,BEEF,"BEEF, GROUND","BEEF, PATTIES, RAW, FROZEN","BEEF, PATTY GROUND 80/20 4:1 ROUND RAW FROZEN",1.5,N,6,134,1114.50000000,587.0000,1.898637,5870.00,0.189864,4497.70000000,7.662181,0.766218,7.662181,1.898637,587.00,-880.50,-1.500000,32.023918,24.361738,9.560818,8.060818,2016nf7 (2weeks),359.0000,376.0000,353.0000,350.0000,362.0000,414.0000,510.0000,388.0000,418.0000,345.0000,66,68,73,74,88,80,108,76,81,71,5.439394,5.529412,4.835616,4.729730,4.113636,5.175000,4.722222,5.105263,5.160494,4.859155
2573517,2573517,PROCESSED MEAT,DELI & LUNCHEON MEATS,"PEPPERONI, BULK OR SLICED, REFRIGERATED","PEPPERONI, ALL-MEAT STICK COOKED REF BAG UNCURED",0.25,Y,41,273,1787.41230331,563.0000,3.174800,4447.89,0.401856,2820.10000000,5.009059,0.634031,0.634031,0.401856,563.00,-1112.47,-0.250112,4.236879,3.602848,1.035887,0.785775,2016nf7 (2weeks),335.0000,377.0000,360.0000,363.0000,390.0000,387.0000,498.0000,415.0000,449.5000,410.5000,132,146,150,153,160,151,211,139,152,148,2.537879,2.582192,2.400000,2.372549,2.437500,2.562914,2.360190,2.985612,2.957237,2.773649
1560671,1560671,BEEF,"BEEF, GROUND","BEEF, PATTIES, RAW, FROZEN","BEEF, PATTY GROUND 80/20 4:1 HOMESTYLE 5/16"" THICK DOUBLE SCORED RAW IQF FR",1.5,N,7,92,1060.50000000,503.0000,2.108350,5030.00,0.210835,2328.96000000,4.630139,0.463014,4.630139,2.108350,503.00,-754.50,-1.500000,30.018350,25.388211,6.738489,5.238489,2016nf7 (2weeks),297.0000,314.0000,356.0000,380.0000,453.0000,344.0000,429.0000,360.0000,396.0000,365.0000,46,46,47,49,54,53,66,55,48,51,6.456522,6.826087,7.574468,7.755102,8.388889,6.490566,6.500000,6.545455,8.250000,7.156863
1782499,1782499,DISPOSABLES,"TISSUE, TOWELS, & PERSONAL HYGIENE, DISPOSABLE","TOWELS, PAPER, DISPOSABLE","TOWEL, LINENLIKE 12X17 FOLDED WHITE GUEST PAPER",8,N,30,113,7401.72000000,479.0000,15.452443,3855.95,1.919558,3765.05000000,7.860230,0.976426,7.860230,15.452443,479.00,-3832.00,-8.000000,47.379353,39.519123,23.312673,15.312673,2016nf7 (2weeks),273.0000,284.0000,315.0000,330.0000,322.0000,347.0000,416.0000,287.0000,310.0000,317.0000,60,63,64,73,70,72,84,69,64,69,4.550000,4.507937,4.921875,4.520548,4.600000,4.819444,4.952381,4.159420,4.843750,4.594203
6327159,6327159,SEAFOOD,"SHELLFISH, OTHER, FZN","SCALLOP, UNBREADED FROZEN","SCALLOP, SEA 20-30 COUNT DRY RAW IQF FROZEN USA WILD",5,N,30,176,3815.15019800,452.0000,8.440598,4520.00,0.844060,5057.23000000,11.188562,1.118856,11.188562,8.440598,452.00,-2260.00,-5.000000,141.197212,130.008650,19.629160,14.629160,2016nf7 (2weeks),219.0000,184.5000,283.0000,219.0000,248.0000,264.0000,385.5000,218.5000,282.0000,263.0000,84,84,103,93,95,85,140,69,94,93,2.607143,2.196429,2.747573,2.354839,2.610526,3.105882,2.753571,3.166667,3.000000,2.827957
6841696,6841696,"GROCERY, REF & FZN","BREAD & DOUGH, REF & FZN","BUNS, HAMBURGER & HOT DOG, FROZEN","BUN, HOT DOG WHITE 6"" TOP SLICED BAKED FROZEN NEW ENGLAND STYLE",3,N,4,181,4351.84059757,452.0000,9.627966,4068.00,1.069774,2314.24000000,5.120000,0.568889,5.120000,9.627966,453.00,-1356.00,-3.000000,27.976792,22.856792,14.747966,11.747966,2016nf7 (2weeks),43.0000,52.0000,67.0000,85.0000,150.0000,178.0000,309.0000,205.0000,243.0000,211.0000,29,30,48,54,67,79,116,70,78,75,1.482759,1.733333,1.395833,1.574074,2.238806,2.253165,2.663793,2.928571,3.115385,2.813333
5283440,5283440,SEAFOOD,"FISH, NOT VALUE ADDED, FZN","SALMON, WHOLE OR CUTS, FROZEN, UNBREADED, UNSMOKED","SALMON, SOCKEYE 6 OZ FILLET BONELESS SKIN-ON MARINATED RAW FROZEN IVP USA W",5,N,54,252,2708.47827647,448.0000,6.045710,4480.00,0.604571,3628.64000000,8.099643,0.809964,8.099643,6.045710,448.00,-2240.00,-5.000000,80.574866,72.475223,14.145353,9.145353,2016nf7 (2weeks),95.0000,118.0000,160.0000,153.0000,172.0000,173.0000,283.0000,176.0000,165.0000,160.0000,57,60,80,76,75,76,136,68,67,58,1.666667,1.966667,2.000000,2.013158,2.293333,2.276316,2.080882,2.588235,2.462687,2.758621
6330831,6330831,EQUIPMENT & SUPPLIES,"SMALLWARES, KITCHEN & BAR","DISPENSERS & HOLDERS, OTHER","DISPENSER, SQUEEZE BOTTLE 12 OZ PLASTIC NATURAL",2,N,52,253,388.14240109,428.0000,0.906875,856.00,0.453437,951.26000000,2.222570,1.111285,2.222570,0.906875,434.00,-856.00,-2.000000,8.768645,6.546075,3.129445,1.129445,2016nf7 (2weeks),32.0000,44.0000,59.0000,65.0000,73.0000,88.0000,153.0000,34.0000,32.0000,49.0000,17,18,24,28,26,23,48,14,15,20,1.882353,2.444444,2.458333,2.321429,2.807692,3.826087,3.187500,2.428571,2.133333,2.450000
9353525,9353525,"PRODUCE, FRESH","MELONS, FRESH","HONEYDEW, FRESH","HONEYDEW, FRESH REF MELON",2,N,5,199,1434.84938166,427.0000,3.360303,10675.00,0.134412,2666.53000000,6.244801,0.249792,6.244801,3.360303,427.00,-854.00,-2.000000,23.909485,17.664684,9.605104,7.605104,2016nf7 (2weeks),291.0000,283.0000,298.0000,269.5714,288.4286,333.0000,369.1429,310.0000,336.0000,302.0000,113,111,122,119,128,132,160,120,125,114,2.575221,2.549550,2.442623,2.265306,2.253348,2.522727,2.307143,2.583333,2.688000,2.649123
4384434,4384434,"PRODUCE, FRESH","MELONS, FRESH","HONEYDEW, FRESH","HONEYDEW, 5-6 COUNT FRESH REF MELON",2,N,2,167,1495.73843333,397.0000,3.767603,11036.60,0.135525,1514.37000000,3.814534,0.137213,3.814534,3.767603,397.00,-794.00,-2.000000,17.095516,13.280982,7.582137,5.582137,2016nf7 (2weeks),252.0000,273.0000,316.0000,276.0000,266.0000,347.0000,358.0000,304.0000,314.0000,265.0000,93,97,103,95,104,127,140,106,106,96,2.709677,2.814433,3.067961,2.905263,2.557692,2.732283,2.557143,2.867925,2.962264,2.760417
465112,465112,EQUIPMENT & SUPPLIES,"SMALLWARES, KITCHEN & BAR","DISPENSERS & HOLDERS, OTHER","DISPENSER, SQUEEZE BOTTLE 16 OZ PLASTIC NATURAL WIDE MOUTH",2,N,44,255,222.72000000,384.0000,0.580000,384.00,0.580000,993.26000000,2.586615,2.586615,2.586615,0.580000,386.00,-768.00,-2.000000,10.578125,7.991510,3.166615,1.166615,2016nf7 (2weeks),9.0000,7.0000,13.0000,16.0000,10.0000,12.0000,37.0000,8.0000,6.0000,1.0000,5,4,9,12,8,7,25,5,4,1,1.800000,1.750000,1.444444,1.333333,1.250000,1.714286,1.480000,1.600000,1.500000,1.000000
1006485,1006485,"PRODUCE, FRESH","MELONS, FRESH","HONEYDEW, FRESH","HONEYDEW, FRESH REF MELON",2,N,6,184,1058.66759847,363.0000,2.916440,10091.40,0.104908,1235.89000000,3.404656,0.122470,3.404656,2.916440,363.00,-726.00,-2.000000,18.553802,15.149146,6.321096,4.321096,2016nf7 (2weeks),212.0000,232.0000,252.0000,234.0000,275.0000,277.0000,314.0000,249.0000,223.0000,224.0000,82,85,101,92,112,108,148,99,88,95,2.585366,2.729412,2.495050,2.543478,2.455357,2.564815,2.121622,2.515152,2.534091,2.357895
2810246,2810246,PORK,"PORK, FURTHER PROCESSED","PORK, PRECOOKED, OTHER, REFRIGERATED","PORK, ROAST BONELESS CUBAN SEASONED COOKED NATURAL REF VACUUM-PACK",0.4,Y,36,210,1181.43439505,328.0000,3.601934,3096.11,0.381587,1584.46000000,4.830671,0.511758,0.511758,0.381587,328.00,-1238.46,-0.400005,3.823624,3.311866,0.893345,0.493340,2016nf7 (2weeks),157.0000,184.0000,147.0000,171.0000,183.0000,201.0000,255.0000,174.0000,165.0000,176.0000,76,99,100,99,103,110,150,96,92,95,2.065789,1.858586,1.470000,1.727273,1.776699,1.827273,1.700000,1.812500,1.793478,1.852632
4535241,4535241,BEEF,"BEEF, GROUND","BEEF, PATTIES, RAW, FROZEN","BEEF, PATTY GROUND 80/20 4:1 ROUND WAFFLED RAW IQF FROZEN",1.5,N,4,63,1087.62261790,317.0000,3.430986,3170.00,0.343099,1802.90000000,5.687382,0.568738,5.687382,3.430986,317.00,-475.50,-1.500000,32.436498,26.749117,9.118368,7.618368,2016nf7 (2weeks),100.0000,147.0000,162.0000,150.0000,126.0000,157.0000,198.0000,158.0000,136.0000,202.0000,20,23,25,26,27,28,38,25,27,25,5.000000,6.391304,6.480000,5.769231,4.666667,5.607143,5.210526,6.320000,5.037037,8.080000
3510189,3510189,PROCESSED MEAT,HOT DOGS & CORN DOGS,"HOT DOGS, BEEF, FROZEN","HOT DOG, ALL-BEEF 4:1 6"" ROLLER GRILL SKINLESS COOKED FROZEN BULK",2.5,N,4,109,2136.22964092,296.0000,7.216992,2960.00,0.721699,1758.93000000,5.942331,0.594233,5.942331,7.216992,296.00,-740.00,-2.500000,30.184054,24.241723,13.159323,10.659323,2016nf7 (2weeks),112.0000,128.0000,130.0000,131.0000,222.0000,124.0000,225.0000,107.0000,131.0000,135.0000,49,47,48,50,54,47,75,46,51,48,2.285714,2.723404,2.708333,2.620000,4.111111,2.638298,3.000000,2.326087,2.568627,2.812500
4159240,4159240,"PRODUCE, FRESH","MELONS, FRESH","CANTALOUPE, FRESH","CANTALOUPE, 15-18 COUNT FRESH REF MELON",2,N,6,134,961.08598650,278.0000,3.457144,11120.00,0.086429,1157.26000000,4.162806,0.104070,4.162806,3.457144,278.00,-556.00,-2.000000,20.429712,16.266906,7.619950,5.619950,2016nf7 (2weeks),145.0000,163.0000,192.0000,170.0000,195.0000,204.0000,218.0000,159.0000,180.0000,167.0000,56,60,63,69,76,84,98,65,65,69,2.589286,2.716667,3.047619,2.463768,2.565789,2.428571,2.224490,2.446154,2.769231,2.420290
2253705,2253705,"GROCERY, REF & FZN","DESSERTS, BAKERY, OTHER,  REF & FZN","TARTS, FROZEN","TART, KEY LIME 1.8"" MINI UNSLICED BAKED TRAY FROZEN",3.5,N,53,188,648.75406520,277.0000,2.342072,1016.59,0.638167,1260.77000000,4.551516,1.240195,4.551516,2.342072,277.00,-969.50,-3.500000,21.919819,17.368303,6.893588,3.393588,2016nf7 (2weeks),12.0000,18.0000,29.0000,23.0000,18.0000,29.0000,44.0000,15.0000,11.0000,16.0000,9,9,15,15,13,16,30,8,8,9,1.333333,2.000000,1.933333,1.533333,1.384615,1.812500,1.466667,1.875000,1.375000,1.777778
3006509,3006509,"PRODUCE, FRESH","MELONS, FRESH","CANTALOUPE, FRESH","CANTALOUPE, 9-18 COUNT FRESH REF MELON",2,N,7,135,902.08692901,273.0000,3.304348,10920.00,0.082609,1282.64000000,4.698315,0.117458,4.698315,3.304348,273.00,-546.00,-2.000000,23.182784,18.484469,8.002663,6.002663,2016nf7 (2weeks),123.0000,135.0000,176.0000,157.0000,169.0000,201.0000,220.0000,193.0000,194.0000,186.0000,58,57,74,67,77,84,102,65,75,65,2.120690,2.368421,2.378378,2.343284,2.194805,2.392857,2.156863,2.969231,2.586667,2.861538
1996354,1996354,PROCESSED MEAT,DELI & LUNCHEON MEATS,"SALAMI & DRY SAUSAGE OTHER, MEAT OR BEEF, BULK OR SLICED, REFRIGERATED","SALAMI, HARD PORK BEEF STICK 6 LBA ALL NATURAL UNCURED REF DELI-FACED",0.25,Y,33,196,723.40439537,263.0000,2.750587,3201.19,0.225980,2002.50000000,7.614068,0.625549,0.625549,0.225980,263.00,-800.58,-0.250088,4.451014,3.825465,0.851529,0.601441,2016nf7 (2weeks),102.0000,105.0000,117.0000,103.0000,119.0000,96.0000,169.0000,104.0000,121.0000,104.0000,62,65,70,68,73,59,113,57,79,65,1.645161,1.615385,1.671429,1.514706,1.630137,1.627119,1.495575,1.824561,1.531646,1.600000
3204112,3204112,"PRODUCE, FRESH","MELONS, FRESH","CANTALOUPE, FRESH","CANTALOUPE, 9-18 COUNT FRESH REF MELON",2,N,5,114,799.49352601,244.0000,3.276613,9760.00,0.081915,1124.75000000,4.609631,0.115241,4.609631,3.276613,244.00,-488.00,-2.000000,20.604180,15.994549,7.886244,5.886244,2016nf7 (2weeks),20.0000,16.0000,27.0000,30.0000,30.0000,70.0000,126.0000,107.0000,102.0000,95.0000,9,7,10,10,12,38,40,32,29,28,2.222222,2.285714,2.700000,3.000000,2.500000,1.842105,3.150000,3.343750,3.517241,3.392857
7737299,7737299,"PRODUCE, FRESH","ONIONS, FRESH","ONIONS, YELLOW, FRESH","ONION, YELLOW JUMBO 3""+ FRESH REF",3,N,1,91,758.38931144,241.0000,3.146844,12050.00,0.062937,310.92000000,1.290124,0.025802,1.290124,3.146844,241.00,-723.00,-3.000000,20.690124,19.400000,4.436968,1.436968,2016nf7 (2weeks),85.0000,91.0000,142.0000,138.0000,152.0000,123.0000,190.0000,107.0000,122.0000,102.0000,33,38,56,49,54,46,75,44,46,42,2.575758,2.394737,2.535714,2.816327,2.814815,2.673913,2.533333,2.431818,2.652174,2.428571
8295644,8295644,"PRODUCE, FRESH","MELONS, FRESH","HONEYDEW, FRESH","HONEYDEW, FRESH REF MELON",2,N,7,96,714.73396065,231.0000,3.094086,6930.00,0.103136,956.86000000,4.142251,0.138075,4.142251,3.094086,231.00,-462.00,-2.000000,20.414416,16.272165,7.236337,5.236337,2016nf7 (2weeks),148.0000,138.0000,183.0000,137.0000,161.0000,147.0000,199.0000,155.0000,151.0000,140.0000,50,47,47,53,58,58,74,52,47,53,2.960000,2.936170,3.893617,2.584906,2.775862,2.534483,2.689189,2.980769,3.212766,2.641509
1462589,1462589,BEEF,"BEEF, GROUND","BEEF, PATTIES, RAW, FROZEN","BEEF, PATTY GROUND 80/20 4:1 ROUND RAW IQF FROZEN",1.5,N,2,64,767.84213930,225.0000,3.412632,2250.00,0.341263,1436.63000000,6.385022,0.638502,6.385022,3.412632,225.00,-337.50,-1.500000,33.643511,27.258489,9.797654,8.297654,2016nf7 (2weeks),53.0000,60.0000,82.0000,79.0000,88.0000,118.0000,152.0000,139.0000,134.0000,152.0000,19,22,28,28,32,34,50,32,35,35,2.789474,2.727273,2.928571,2.821429,2.750000,3.470588,3.040000,4.343750,3.828571,4.342857
5758976,5758976,BEEF,"BEEF, GROUND","BEEF, GROUND, RAW, FROZEN","BEEF, GROUND 80/20 MEDIUM NATURAL RAW FROZEN GRASS FED",2.5,N,29,62,460.52729403,211.0000,2.182594,2110.00,0.218259,1263.96000000,5.990332,0.599033,5.990332,2.182594,211.00,-527.50,-2.500000,56.297346,50.307014,8.172926,5.672926,2016nf7 (2weeks),78.0000,86.0000,83.0000,110.0000,104.0000,115.0000,179.0000,136.0000,98.0000,112.0000,22,25,27,29,30,34,43,34,31,31,3.545455,3.440000,3.074074,3.793103,3.466667,3.382353,4.162791,4.000000,3.161290,3.612903
4107306,4107306,"PRODUCE, FRESH","MELONS, FRESH","HONEYDEW, FRESH","HONEYDEW, FRESH REF MELON",2,N,1,31,548.95078281,204.0000,2.690935,4080.00,0.134547,29.99000000,0.147010,0.007350,0.147010,2.690935,207.00,-408.00,-2.000000,13.146029,12.999020,2.837945,0.837945,2016nf7 (2weeks),157.0000,154.0000,140.0000,165.0000,172.0000,208.0000,192.0000,255.0000,279.0000,263.0000,12,15,16,18,21,22,27,20,20,14,13.083333,10.266667,8.750000,9.166667,8.190476,9.454545,7.111111,12.750000,13.950000,18.785714
5384466,5384466,"PRODUCE, FRESH","MELONS, FRESH","CANTALOUPE, FRESH","CANTALOUPE, 9-15 COUNT FRESH REF MELON",2,N,5,96,609.41596812,193.0000,3.157596,4825.00,0.126304,940.88000000,4.875026,0.195001,4.875026,3.157596,193.00,-386.00,-2.000000,21.205699,16.330674,8.032622,6.032622,2016nf7 (2weeks),102.0000,120.0000,109.0000,127.0000,121.0000,136.0000,161.0000,122.0000,141.0000,107.0000,46,47,53,51,56,58,70,53,53,48,2.217391,2.553191,2.056604,2.490196,2.160714,2.344828,2.300000,2.301887,2.660377,2.229167
6998579,6998579,BEEF,"BEEF, GROUND","BEEF, PATTIES, RAW, FROZEN","BEEF, PATTY GROUND 80/20 4:1 ROUND .4"" THICK RAW IQF FROZEN",1.5,N,1,33,452.50000000,181.0000,2.500000,1810.00,0.250000,1106.13000000,6.111215,0.611122,6.111215,2.500000,181.00,-271.50,-1.500000,30.984696,24.873481,8.611215,7.111215,2016nf7 (2weeks),105.0000,102.0000,140.0000,303.0000,112.0000,117.0000,126.0000,80.0000,105.0000,91.0000,18,17,23,20,18,19,23,15,16,16,5.833333,6.000000,6.086957,15.150000,6.222222,6.157895,5.478261,5.333333,6.562500,5.687500
4349338,4349338,"PRODUCE, FRESH","MELONS, FRESH","CANTALOUPE, FRESH","CANTALOUPE, BOX FRESH REF MELON",2,N,2,79,678.37259724,179.0000,3.789791,6802.00,0.099731,1152.46000000,6.438324,0.169430,6.438324,3.789791,179.00,-358.00,-2.000000,24.785642,18.347318,10.228115,8.228115,2016nf7 (2weeks),153.2000,136.0000,153.0000,134.0000,147.5000,134.0000,165.4000,142.0000,154.0000,128.5000,46,46,47,50,46,53,65,44,47,43,3.330435,2.956522,3.255319,2.680000,3.206522,2.528302,2.544615,3.227273,3.276596,2.988372
5295647,5295647,"PRODUCE, FRESH","MELONS, FRESH","CANTALOUPE, FRESH","CANTALOUPE, 9-18 COUNT FRESH REF MELON",2,N,5,94,497.96601640,152.0000,3.276092,6080.00,0.081902,561.62000000,3.694868,0.092372,3.694868,3.276092,152.00,-304.00,-2.000000,22.713553,19.018684,6.970960,4.970960,2016nf7 (2weeks),64.0000,55.0000,75.0000,77.0000,81.0000,76.0000,119.0000,83.0000,90.0000,88.0000,35,28,42,44,49,44,67,40,47,46,1.828571,1.964286,1.785714,1.750000,1.653061,1.727273,1.776119,2.075000,1.914894,1.913043
7384464,7384464,"PRODUCE, FRESH","MELONS, FRESH","CANTALOUPE, FRESH","CANTALOUPE, 9-12 COUNT LARGE FRESH REF MELON",2,N,1,75,407.32158785,148.0000,2.752173,6216.00,0.065528,1070.89000000,7.235743,0.172280,7.235743,2.752173,149.00,-296.00,-2.000000,28.373446,21.137703,9.987916,7.987916,2016nf7 (2weeks),81.0000,95.0000,104.0000,108.0000,113.0000,115.0000,132.1000,108.0000,121.1000,109.0000,35,42,44,47,45,50,63,45,50,42,2.314286,2.261905,2.363636,2.297872,2.511111,2.300000,2.096825,2.400000,2.422000,2.595238
6384432,6384432,"PRODUCE, FRESH","MELONS, FRESH","HONEYDEW, FRESH","HONEYDEW, FRESH REF MELON",2,N,6,86,506.36805441,147.0000,3.444681,4086.60,0.123909,537.13390298,3.653972,0.131438,3.653972,3.444681,147.00,-294.00,-2.000000,21.212789,17.861020,7.098653,5.098653,2016nf7 (2weeks),59.0000,64.0000,91.0000,62.0000,66.0000,74.0000,118.0000,72.0000,73.0000,67.0000,32,32,41,35,37,42,63,40,42,36,1.843750,2.000000,2.219512,1.771429,1.783784,1.761905,1.873016,1.800000,1.738095,1.861111
7917545,7917545,BEEF,"BEEF, GROUND","BEEF, PATTIES, RAW, FROZEN","BEEF, PATTY GROUND 100% PURE 80/20 4:1 HOMESTYLE RAW IQF FROZEN",1.5,N,1,34,488.00633746,143.0000,3.412632,1430.00,0.341263,1231.02000000,8.608531,0.860853,8.608531,3.412632,143.00,-214.50,-1.500000,31.756783,23.148252,12.021163,10.521163,2016nf7 (2weeks),92.0000,86.0000,88.0000,88.0000,102.0000,100.0000,118.0000,82.0000,97.0000,84.0000,18,14,14,16,20,17,25,16,18,17,5.111111,6.142857,6.285714,5.500000,5.100000,5.882353,4.720000,5.125000,5.388889,4.941176
7016397,7016397,"PRODUCE, FRESH","MELONS, FRESH","CANTALOUPE, FRESH","CANTALOUPE, 15 COUNT FRESH REF MELON",2,N,2,63,418.00000000,142.0000,2.943662,2130.00,0.196244,504.57000000,3.553310,0.236887,3.553310,2.943662,142.00,-284.00,-2.000000,22.712465,19.159155,6.496972,4.496972,2016nf7 (2weeks),24.0000,47.0000,39.0000,42.0000,47.0000,79.0000,121.0000,113.0000,97.0000,98.0000,18,22,22,21,32,38,46,33,32,31,1.333333,2.136364,1.772727,2.000000,1.468750,2.078947,2.630435,3.424242,3.031250,3.161290
1457100,1457100,"PRODUCE, FRESH","MELONS, FRESH","HONEYDEW, FRESH","HONEYDEW, FRESH REF MELON",2,N,3,65,458.29033882,140.0000,3.273502,3892.00,0.117752,814.79000000,5.819929,0.209350,5.819929,3.273502,140.00,-280.00,-2.000000,23.129786,17.309857,9.093431,7.093431,2016nf7 (2weeks),64.0000,66.0000,54.0000,64.0000,72.0000,68.0000,102.0000,67.0000,66.0000,50.0000,21,24,25,30,29,33,47,26,29,21,3.047619,2.750000,2.160000,2.133333,2.482759,2.060606,2.170213,2.576923,2.275862,2.380952
3462827,3462827,BEEF,"BEEF, GROUND","BEEF, PATTIES, RAW, FROZEN","BEEF, PATTY GROUND 100% PURE 80/20 4:1 ROUND 3/8"" THICK WAFFLED RAW IQF FRO",1.5,N,2,12,440.22949325,129.0000,3.412632,1290.00,0.341263,1156.10000000,8.962016,0.896202,8.962016,3.412632,129.00,-193.50,-1.500000,35.482481,26.520465,12.374648,10.874648,2016nf7 (2weeks),15.0000,12.0000,15.0000,29.0000,17.0000,29.0000,47.0000,42.0000,28.0000,17.0000,4,5,5,4,6,6,8,3,4,4,3.750000,2.400000,3.000000,7.250000,2.833333,4.833333,5.875000,14.000000,7.000000,4.250000
6074272,6074272,"PRODUCE, FRESH","MELONS, FRESH","HONEYDEW, FRESH","HONEYDEW, FRESH REF MELON",2,N,4,45,372.02235493,107.0000,3.476844,2675.00,0.139074,524.73000000,4.904019,0.196161,4.904019,3.476844,107.00,-214.00,-2.000000,21.943551,17.039533,8.380863,6.380863,2016nf7 (2weeks),40.0000,52.0000,56.0000,74.0000,72.0000,72.0000,93.0000,85.7500,85.0000,72.0000,16,19,18,22,25,28,33,24,22,24,2.500000,2.736842,3.111111,3.363636,2.880000,2.571429,2.818182,3.572917,3.863636,3.000000
7177256,7177256,"PRODUCE, FRESH","MELONS, FRESH","HONEYDEW, FRESH","HONEYDEW, FRESH REF MELON",2,N,1,38,349.00000000,96.0000,3.635417,2400.00,0.145417,434.07000000,4.521563,0.180863,4.521563,3.635417,96.00,-192.00,-2.000000,28.521563,24.000000,8.156980,6.156980,2016nf7 (2weeks),25.0000,38.0000,46.0000,52.0000,61.0000,66.0000,85.0000,86.0000,64.0000,78.0000,12,17,18,19,22,26,31,27,23,22,2.083333,2.235294,2.555556,2.736842,2.772727,2.538462,2.741935,3.185185,2.782609,3.545455
631036,631036,BEEF,"BEEF, GROUND","BEEF, PATTIES, RAW, FROZEN","BEEF, PATTY GROUND 80/20 4:1 ROUND WIDE 1/4"" THICK RAW FROZEN",1.5,N,2,26,163.80000000,91.0000,1.800000,910.00,0.180000,604.95000000,6.647802,0.664780,6.647802,1.800000,91.00,-136.50,-1.500000,33.087692,26.439890,8.447802,6.947802,2016nf7 (2weeks),52.0000,56.0000,65.0000,56.0000,73.0000,50.0000,82.0000,52.0000,84.0000,102.0000,13,16,19,16,17,17,21,14,16,15,4.000000,3.500000,3.421053,3.500000,4.294118,2.941176,3.904762,3.714286,5.250000,6.800000
1384429,1384429,"PRODUCE, FRESH","MELONS, FRESH","CANTALOUPE, FRESH","CANTALOUPE, 9-12 COUNT FRESH REF MELON",2,N,2,39,260.90803522,78.0000,3.344975,3120.00,0.083624,494.03000000,6.333718,0.158343,6.333718,3.344975,78.00,-156.00,-2.000000,27.075641,20.741923,9.678693,7.678693,2016nf7 (2weeks),52.0000,55.0000,52.0000,44.0000,60.0000,54.0000,64.0000,42.0000,30.0000,33.0000,15,16,19,15,20,19,26,16,14,14,3.466667,3.437500,2.736842,2.933333,3.000000,2.842105,2.461538,2.625000,2.142857,2.357143
2721165,2721165,POULTRY,"CHICKEN, NOT FURTHER PROCESSED, REF","CHICKEN, BREAST, BONELESS, RAW, REF","CHICKEN, BREAST DOUBLE-LOBE RANDOM JUMBO BONELESS-SKINLESS SOLUTION ADDED 1",4,N,1,24,395.20000000,76.0000,5.200000,3040.00,0.130000,909.61000000,11.968553,0.299214,11.968553,5.200000,76.00,-304.00,-4.000000,59.080000,47.111447,17.168553,13.168553,2016nf7 (2weeks),49.0000,51.0000,47.0000,43.0000,46.0000,62.0000,67.0000,51.0000,59.0000,54.0000,12,12,11,10,12,15,16,14,13,12,4.083333,4.250000,4.272727,4.300000,3.833333,4.133333,4.187500,3.642857,4.538462,4.500000
4436572,4436572,BEEF,"BEEF, GROUND","BEEF, PATTIES, RAW, FROZEN","BEEF, PATTY GROUND 100% PURE 80/20 4:1 ROUND 1/2"" THICK SCORED RAW IQF FROZ",1.5,N,2,28,259.36001149,76.0000,3.412632,760.00,0.341263,589.04000000,7.750526,0.775053,7.750526,3.412632,76.00,-114.00,-1.500000,34.958684,27.208158,11.163158,9.663158,2016nf7 (2weeks),17.0000,24.0000,29.0000,32.0000,48.0000,37.0000,59.0000,22.0000,31.0000,16.0000,14,10,15,15,14,14,20,10,14,10,1.214286,2.400000,1.933333,2.133333,3.428571,2.642857,2.950000,2.200000,2.214286,1.600000
4462867,4462867,BEEF,"BEEF, GROUND","BEEF, PATTIES, RAW, FROZEN","BEEF, PATTY GROUND 80/20 4:1 PUB 1/2"" THICK WAFFLED RAW IQF FROZEN",1.5,N,2,22,245.70948460,72.0000,3.412632,720.00,0.341263,387.54000000,5.382500,0.538250,5.382500,3.412632,72.00,-108.00,-1.500000,32.655417,27.272917,8.795132,7.295132,2016nf7 (2weeks),21.0000,22.0000,19.0000,43.0000,64.0000,42.0000,56.0000,39.0000,28.0000,28.0000,6,4,7,8,6,7,13,6,6,6,3.500000,5.500000,2.714286,5.375000,10.666667,6.000000,4.307692,6.500000,4.666667,4.666667
9444712,9444712,BEEF,"BEEF, GROUND","BEEF, PATTIES, RAW, FROZEN","BEEF, PATTY GROUND 80/20 4:1 PUB RAW IQF FROZEN",1.5,N,1,17,242.16106247,71.0000,3.410719,710.00,0.341072,598.27000000,8.426338,0.842634,8.426338,3.410719,71.00,-106.50,-1.500000,35.673803,27.247465,11.837057,10.337057,2016nf7 (2weeks),8.0000,11.0000,10.0000,16.0000,32.0000,35.0000,47.0000,35.0000,32.0000,43.0000,4,4,4,6,6,8,8,8,7,8,2.000000,2.750000,2.500000,2.666667,5.333333,4.375000,5.875000,4.375000,4.571429,5.375000
5095070,5095070,"PRODUCE, FRESH","MELONS, FRESH","CANTALOUPE, FRESH","CANTALOUPE, 9 COUNT FRESH REF MELON",2,N,4,47,195.52722312,59.0000,3.314021,2360.00,0.082851,429.18000000,7.274237,0.181856,7.274237,3.314021,59.00,-118.00,-2.000000,26.111186,18.836949,10.588258,8.588258,2016nf7 (2weeks),37.0000,45.0000,46.0000,48.0000,40.0000,58.0000,46.0000,38.0000,39.0000,35.0000,18,20,22,21,15,25,36,21,22,19,2.055556,2.250000,2.090909,2.285714,2.666667,2.320000,1.277778,1.809524,1.772727,1.842105
3887130,3887130,OILS & SHORTENING,"OIL, FRYING & SALAD","OIL, FRYING, LIQUID, BLENDS","SHORTENING, FRYING CANOLA CORN SOYBEAN BLEND LIQUID CLEAR TFF OIL",3,N,4,18,461.65107882,56.0000,8.243769,1960.00,0.235536,138.17000000,2.467321,0.070495,2.467321,8.243769,56.00,-224.00,-4.000000,35.318036,32.850714,10.711090,6.711090,2016nf7 (2weeks),35.0000,40.0000,39.0000,32.0000,49.0000,34.0000,42.0000,34.0000,21.0000,20.0000,8,8,10,6,10,10,12,10,8,9,4.375000,5.000000,3.900000,5.333333,4.900000,3.400000,3.500000,3.400000,2.625000,2.222222
2521078,2521078,BEEF,"BEEF, GROUND","BEEF, PATTIES, RAW, FROZEN","BEEF, PATTY GROUND 80/20 4:1 ROUND .41"" THICK RAW FROZEN",1.5,N,1,12,0.00000000,52.0000,0.000000,1040.00,0.000000,460.77000000,8.860962,0.443048,8.860962,0.000000,52.00,-78.00,-1.500000,61.155577,52.294615,8.860962,7.360962,2016nf7 (2weeks),42.0000,51.0000,44.0000,51.0000,58.0000,43.0000,51.0000,56.0000,41.0000,46.0000,9,8,9,10,9,7,11,10,10,9,4.666667,6.375000,4.888889,5.100000,6.444444,6.142857,4.636364,5.600000,4.100000,5.111111
9857855,9857855,"PRODUCE, FRESH","MELONS, FRESH","CANTALOUPE, FRESH","CANTALOUPE, 9-12 COUNT FRESH REF MELON",2,N,1,31,185.00000000,52.0000,3.557692,2080.00,0.088942,292.79000000,5.630577,0.140764,5.630577,3.557692,52.00,-104.00,-2.000000,23.030577,17.400000,9.188269,7.188269,2016nf7 (2weeks),15.0000,17.0000,27.0000,32.0000,23.0000,32.0000,33.0000,0.0000,0.0000,0.0000,6,9,9,12,12,18,21,2,0,0,2.500000,1.888889,3.000000,2.666667,1.916667,1.777778,1.571429,0.000000,0.000000,0.000000
6950000,6950000,BEEF,"BEEF, GROUND","BEEF, PATTIES, RAW, FROZEN","BEEF, PATTY GROUND 80/20 4:1 ROUND .3"" THICK RAW IQF FROZEN",1.5,N,1,12,90.30461243,45.0000,2.006769,450.00,0.200677,300.38000000,6.675111,0.667511,6.675111,2.006769,45.00,-67.50,-1.500000,30.928444,24.253333,8.681880,7.181880,2016nf7 (2weeks),16.0000,22.0000,11.0000,15.0000,30.0000,20.0000,42.0000,23.0000,26.0000,22.0000,7,7,4,6,9,8,10,5,7,6,2.285714,3.142857,2.750000,2.500000,3.333333,2.500000,4.200000,4.600000,3.714286,3.666667
8384398,8384398,"PRODUCE, FRESH","MELONS, FRESH","CANTALOUPE, FRESH","CANTALOUPE, 15 COUNT FRESH REF MELON",2,N,1,26,134.25053996,41.0000,3.274403,615.00,0.218294,178.73000000,4.359268,0.290618,4.359268,3.274403,41.00,-82.00,-2.000000,25.603171,21.243902,7.633671,5.633671,2016nf7 (2weeks),10.0000,14.0000,14.0000,19.0000,21.0000,23.0000,33.0000,26.0000,28.0000,27.0000,8,8,11,13,10,16,19,12,12,11,1.250000,1.750000,1.272727,1.461538,2.100000,1.437500,1.736842,2.166667,2.333333,2.454545
7384761,7384761,"PRODUCE, FRESH","ONIONS, FRESH","ONIONS, YELLOW, FRESH","ONION, YELLOW JUMBO FRESH REF",3,N,1,28,117.33075279,39.0000,3.008481,1950.00,0.060170,275.21000000,7.056667,0.141133,7.056667,3.008481,39.00,-117.00,-3.000000,29.998974,22.942308,10.065148,7.065148,2016nf7 (2weeks),26.0000,25.0000,24.0000,21.0000,24.0000,21.0000,28.0000,17.0000,7.0000,0.0000,15,15,16,13,15,11,18,13,8,2,1.733333,1.666667,1.500000,1.615385,1.600000,1.909091,1.555556,1.307692,0.875000,0.000000
7615339,7615339,BEEF,"BEEF, GROUND","BEEF, PATTIES, RAW, FROZEN","BEEF, PATTY GROUND 80/20 4:1 HOMESTYLE WAFFLED RAW IQF FROZEN",1.5,N,1,17,129.68000574,38.0000,3.412632,380.00,0.341263,343.60000000,9.042105,0.904211,9.042105,3.412632,38.00,-57.00,-1.500000,35.924737,26.882632,12.454737,10.954737,2016nf7 (2weeks),23.0000,17.0000,26.0000,1.0000,20.0000,26.0000,32.0000,25.0000,20.0000,28.0000,8,9,11,10,11,10,14,11,9,11,2.875000,1.888889,2.363636,0.100000,1.818182,2.600000,2.285714,2.272727,2.222222,2.545455
9857871,9857871,"PRODUCE, FRESH","MELONS, FRESH","HONEYDEW, FRESH","HONEYDEW, 5-6 COUNT FRESH REF MELON",2,N,1,26,135.25000000,37.0000,3.655405,1028.60,0.131489,148.29000000,4.007838,0.144167,4.007838,3.655405,37.00,-74.00,-2.000000,20.103784,16.095946,7.663243,5.663243,2016nf7 (2weeks),14.0000,17.0000,30.0000,30.0000,24.0000,33.0000,26.0000,0.0000,0.0000,0.0000,5,7,10,9,12,14,19,1,0,0,2.800000,2.428571,3.000000,3.333333,2.000000,2.357143,1.368421,0.000000,0.000000,0.000000
8914830,8914830,DISPOSABLES,"STRAWS, STIRRERS, STEAK MARKERS, SKEWERS & OTHER",STRAWS,"STRAW, JUMBO 7.75"" TRANSLUCENT WRAPPED PAPER STANDARD PLASTIC BOX",4,N,2,34,797.99584966,36.0000,22.166551,438.12,1.821409,380.29000000,10.563611,0.868004,10.563611,22.166551,36.00,-144.00,-4.000000,61.462500,50.898889,32.730162,28.730162,2016nf7 (2weeks),11.3750,7.3333,13.0000,6.0833,11.4583,7.5417,24.2083,8.0000,12.1667,8.7500,11,8,12,6,13,8,22,6,12,9,1.034091,0.916663,1.083333,1.013883,0.881408,0.942713,1.100377,1.333333,1.013892,0.972222
6949101,6949101,BEEF,"BEEF, GROUND","BEEF, PATTIES, RAW, FROZEN","BEEF, PATTY GROUND 80/20 4:1 HOMESTYLE .32"" THICK RAW IQF FROZEN",1.5,N,1,5,72.50000000,29.0000,2.500000,290.00,0.250000,158.40000000,5.462069,0.546207,5.462069,2.500000,29.00,-43.50,-1.500000,29.852414,24.390345,7.962069,6.462069,2016nf7 (2weeks),0.0000,0.0000,1.0000,0.0000,25.0000,0.0000,4.0000,21.0000,0.0000,0.0000,0,0,1,0,1,0,1,1,0,0,0.000000,0.000000,1.000000,0.000000,25.000000,0.000000,4.000000,21.000000,0.000000,0.000000
6305106,6305106,"PRODUCE, FRESH","MELONS, FRESH","CANTALOUPE, FRESH","CANTALOUPE, 15 COUNT FRESH REF MELON",2,N,1,13,101.56501044,28.0000,3.627322,420.00,0.241821,34.96593532,1.248783,0.083252,1.248783,3.627322,28.00,-56.00,-2.000000,22.426786,21.907143,4.876105,2.876105,2016nf7 (2weeks),4.0000,8.0000,12.0000,7.0000,6.0000,9.0000,18.0000,12.0000,13.0000,6.0000,3,7,6,4,4,5,9,8,7,6,1.333333,1.142857,2.000000,1.750000,1.500000,1.800000,2.000000,1.500000,1.857143,1.000000
5384409,5384409,"PRODUCE, FRESH","MELONS, FRESH","HONEYDEW, FRESH","HONEYDEW, FRESH REF MELON",2,N,3,17,84.60241167,26.0000,3.253939,722.80,0.117048,125.29000000,4.818846,0.173340,4.818846,3.253939,26.00,-52.00,-2.000000,24.484231,19.665385,8.072785,6.072785,2016nf7 (2weeks),7.0000,12.0000,6.0000,8.0000,12.0000,35.0000,18.0000,5.0000,13.0000,11.0000,5,5,4,6,7,9,11,4,6,6,1.400000,2.400000,1.500000,1.333333,1.714286,3.888889,1.636364,1.250000,2.166667,1.833333
5596820,5596820,BEEF,"BEEF, GROUND","BEEF, PATTIES, RAW, FROZEN","BEEF, PATTY GROUND 80/20 4:1 HOMESTYLE RAW FROZEN",1.5,N,2,13,80.00000000,20.0000,4.000000,400.00,0.200000,195.76000000,9.788000,0.489400,9.788000,4.000000,20.00,-30.00,-1.500000,63.638000,53.850000,13.788000,12.288000,2016nf7 (2weeks),10.0000,8.0000,15.0000,10.0000,15.0000,11.0000,17.0000,8.0000,8.0000,7.0000,5,3,8,4,8,6,10,4,5,4,2.000000,2.666667,1.875000,2.500000,1.875000,1.833333,1.700000,2.000000,1.600000,1.750000
9462854,9462854,BEEF,"BEEF, GROUND","BEEF, PATTIES, RAW, FROZEN","BEEF, PATTY GROUND 100% PURE 80/20 4:1 PUB 3/8"" THICK RAW IQF FROZEN SKY",1.5,N,1,9,64.84000287,19.0000,3.412632,190.00,0.341263,159.73000000,8.406842,0.840684,8.406842,3.412632,19.00,-28.50,-1.500000,36.613684,28.206842,11.819474,10.319474,2016nf7 (2weeks),4.0000,2.0000,7.0000,4.0000,6.0000,7.0000,10.0000,4.0000,4.0000,6.0000,4,2,5,3,3,4,5,3,2,3,1.000000,1.000000,1.400000,1.333333,2.000000,1.750000,2.000000,1.333333,2.000000,2.000000
1996339,1996339,PROCESSED MEAT,DELI & LUNCHEON MEATS,"SALAMI & DRY SAUSAGE OTHER, MEAT OR BEEF, BULK OR SLICED, REFRIGERATED","SALAMI, GENOA PORK BEEF STICK 6 LBA ALL NATURAL UNCURED REF DELI-FACED",0.25,Y,2,10,34.01928592,12.0000,2.834940,150.77,0.225637,63.16000000,5.263333,0.418916,0.418916,0.225637,12.00,-37.70,-0.250050,4.166943,3.748027,0.644553,0.394503,2016nf7 (2weeks),3.0000,4.0000,4.0000,8.0000,5.0000,5.0000,8.0000,4.0000,5.0000,5.0000,3,4,4,7,4,4,7,3,5,4,1.000000,1.000000,1.000000,1.142857,1.250000,1.250000,1.142857,1.333333,1.000000,1.250000
6369680,6369680,BEEF,"BEEF, GROUND","BEEF, PATTIES, RAW, FROZEN","BEEF, PATTY GROUND 75/25 4:1 WIDE RAW FROZEN",1.5,N,1,5,17.00000000,10.0000,1.700000,100.00,0.170000,45.43000000,4.543000,0.454300,4.543000,1.700000,10.00,-15.00,-1.500000,27.755000,23.212000,6.243000,4.743000,2016nf7 (2weeks),9.0000,6.0000,6.0000,6.0000,3.0000,5.0000,7.0000,0.0000,7.0000,2.0000,3,2,2,2,2,2,3,0,1,2,3.000000,3.000000,3.000000,3.000000,1.500000,2.500000,2.333333,0.000000,7.000000,1.000000
1291574,1291574,"PRODUCE, FRESH","MELONS, FRESH","HONEYDEW, FRESH","HONEYDEW, FRESH REF MELON",2,N,1,6,30.37512148,9.0000,3.375013,234.00,0.129808,45.26000000,5.028889,0.193419,5.028889,3.375013,9.00,-18.00,-2.000000,20.252222,15.223333,8.403902,6.403902,2016nf7 (2weeks),5.0000,5.0000,3.0000,4.0000,4.0000,3.0000,5.0000,2.0000,2.0000,7.0000,3,3,2,2,3,2,3,1,1,2,1.666667,1.666667,1.500000,2.000000,1.333333,1.500000,1.666667,2.000000,2.000000,3.500000
5574769,5574769,BEEF,"BEEF, GROUND","BEEF, PATTIES, RAW, FROZEN","BEEF, PATTY GROUND 80/20 4:1 ROUND RAW IQF FROZEN",1.5,N,1,3,7.20000000,4.0000,1.800000,40.00,0.180000,19.68000000,4.920000,0.492000,4.920000,1.800000,4.00,-6.00,-1.500000,31.095000,26.175000,6.720000,5.220000,2016nf7 (2weeks),3.0000,5.0000,3.0000,5.0000,4.0000,4.0000,4.0000,7.0000,3.0000,6.0000,2,2,2,3,3,3,3,3,3,3,1.500000,2.500000,1.500000,1.666667,1.333333,1.333333,1.333333,2.333333,1.000000,2.000000
